id,terrestrial_date,sol,ls,month,min_temp,pressure
2,2012-08-16,10,10,6,-75.0,739.0
13,2012-08-17,11,11,6,-76.0,740.0
24,2012-08-18,12,12,6,-76.0,741.0
35,2012-08-19,13,13,6,-74.0,732.0
46,2012-08-20,14,14,6,-74.0,740.0
57,2012-08-21,15,15,6,-78.0,740.0
68,2012-08-22,16,16,6,-77.0,740.0
79,2012-08-23,17,17,6,-76.0,742.0
112,2012-08-27,21,21,6,-74.0,741.0
114,2012-08-28,22,22,6,-74.0,742.0
123,2012-08-29,23,23,6,-75.0,741.0
134,2012-08-30,24,24,6,-75.0,742.0
145,2012-08-31,25,25,6,-75.0,743.0
156,2012-09-01,26,26,6,-76.0,745.0
163,2012-09-02,27,27,6,-75.0,743.0
170,2012-09-03,28,28,6,-75.0,745.0
171,2012-09-04,29,29,6,-75.0,747.0
172,2012-09-05,30,30,6,-74.0,747.0
173,2012-09-06,31,31,6,-74.0,745.0
175,2012-09-08,33,33,6,-73.0,748.0
176,2012-09-10,34,34,6,-73.0,748.0
177,2012-09-11,35,35,6,-73.0,749.0
178,2012-09-12,36,36,6,-73.0,750.0
179,2012-09-13,37,37,6,-73.0,750.0
180,2012-09-14,38,38,6,-73.0,750.0
181,2012-09-15,39,39,6,-75.0,751.0
182,2012-09-16,40,40,6,-75.0,753.0
183,2012-09-17,41,41,6,-75.0,753.0
184,2012-09-18,42,42,6,-75.0,754.0
185,2012-09-19,43,43,6,-74.0,756.0
186,2012-09-20,44,44,6,-75.0,757.0
187,2012-09-21,45,45,6,-74.0,758.0
188,2012-09-22,46,46,6,-74.0,758.0
189,2012-09-23,47,47,6,-75.0,758.0
190,2012-09-24,48,48,6,-75.0,759.0
191,2012-09-25,49,49,6,-74.0,761.0
192,2012-09-26,50,50,6,-72.0,761.0
193,2012-09-27,51,51,6,-76.0,762.0
194,2012-09-28,52,52,6,-74.0,762.0
195,2012-09-29,53,53,6,-71.0,764.0
196,2012-09-30,54,54,7,-72.0,766.0
197,2012-10-01,55,55,7,-74.0,766.0
198,2012-10-02,56,56,7,-73.0,768.0
199,2012-10-03,57,57,7,-73.0,769.0
200,2012-10-04,58,58,7,-74.0,769.0
201,2012-10-05,59,59,7,-76.0,771.0
202,2012-10-06,60,60,7,-75.0,772.0
203,2012-10-07,61,61,7,-72.0,772.0
204,2012-10-08,62,62,7,-72.0,774.0
205,2012-10-09,63,63,7,-73.0,775.0
206,2012-10-10,64,64,7,-74.0,776.0
207,2012-10-11,65,65,7,-72.0,777.0
208,2012-10-12,66,66,7,-73.0,778.0
209,2012-10-13,67,67,7,-73.0,780.0
210,2012-10-14,68,68,7,-71.0,781.0
211,2012-10-15,69,69,7,-73.0,778.0
212,2012-10-17,70,70,7,-72.0,783.0
213,2012-10-18,71,71,7,-71.0,784.0
214,2012-10-19,72,72,7,-73.0,785.0
215,2012-10-20,73,73,7,-70.0,788.0
216,2012-10-21,74,74,7,-72.0,790.0
217,2012-10-22,75,75,7,-73.0,791.0
218,2012-10-23,76,76,7,-73.0,792.0
219,2012-10-24,77,77,7,-71.0,792.0
220,2012-10-25,78,78,7,-71.0,793.0
221,2012-10-26,79,79,7,-73.0,795.0
222,2012-10-27,80,80,7,-70.0,796.0
223,2012-10-28,81,81,7,-72.0,798.0
224,2012-10-29,82,82,7,-72.0,799.0
225,2012-10-30,83,83,7,-72.0,801.0
226,2012-10-31,84,84,7,-70.0,801.0
227,2012-11-01,85,85,7,-71.0,805.0
228,2012-11-02,86,86,7,-71.0,808.0
229,2012-11-03,87,87,7,-70.0,808.0
230,2012-11-04,88,88,7,-70.0,811.0
231,2012-11-05,89,89,7,-73.0,813.0
233,2012-11-06,90,90,7,-71.0,813.0
234,2012-11-07,91,91,7,-74.0,817.0
235,2012-11-08,92,92,7,-74.0,820.0
236,2012-11-09,93,93,7,-72.0,819.0
237,2012-11-10,94,94,7,-70.0,822.0
238,2012-11-11,95,95,7,-68.0,822.0
239,2012-11-12,96,96,7,-71.0,826.0
240,2012-11-13,97,97,7,-68.0,828.0
241,2012-11-14,98,98,7,-68.0,828.0
242,2012-11-15,99,99,7,-68.0,829.0
3,2012-11-16,100,100,7,-66.0,829.0
4,2012-11-17,101,101,7,-65.0,830.0
5,2012-11-18,102,102,7,-67.0,833.0
6,2012-11-19,103,103,7,-66.0,836.0
7,2012-11-20,104,104,8,-67.0,838.0
8,2012-11-21,105,105,8,-66.0,839.0
9,2012-11-23,106,106,8,-66.0,841.0
10,2012-11-24,107,107,8,-66.0,844.0
11,2012-11-25,108,108,8,-65.0,845.0
12,2012-11-26,109,109,8,-64.0,844.0
14,2012-11-27,110,110,8,-65.0,848.0
15,2012-11-28,111,111,8,-66.0,849.0
16,2012-11-29,112,112,8,-65.0,852.0
17,2012-11-30,113,113,8,-66.0,857.0
18,2012-12-01,114,114,8,-69.0,857.0
19,2012-12-02,115,115,8,-66.0,857.0
20,2012-12-03,116,116,8,-67.0,859.0
21,2012-12-04,117,117,8,-66.0,861.0
22,2012-12-05,118,118,8,-65.0,864.0
23,2012-12-06,119,119,8,-66.0,866.0
25,2012-12-07,120,120,8,-67.0,867.0
26,2012-12-08,121,121,8,-66.0,869.0
27,2012-12-09,122,122,8,-65.0,869.0
28,2012-12-10,123,123,8,-66.0,875.0
29,2012-12-11,124,124,8,-66.0,876.0
30,2012-12-12,125,125,8,-68.0,880.0
31,2012-12-13,126,126,8,-66.0,880.0
32,2012-12-14,127,127,8,-67.0,884.0
33,2012-12-15,128,128,8,-67.0,883.0
34,2012-12-16,129,129,8,-65.0,886.0
36,2012-12-17,130,130,8,-65.0,888.0
37,2012-12-18,131,131,8,-65.0,889.0
38,2012-12-19,132,132,8,-65.0,890.0
39,2012-12-20,133,133,8,-65.0,891.0
40,2012-12-21,134,134,8,-67.0,893.0
41,2012-12-22,135,135,8,-65.0,894.0
42,2012-12-23,136,136,8,-65.0,897.0
43,2012-12-24,137,137,8,-64.0,896.0
44,2012-12-25,138,138,8,-65.0,899.0
45,2012-12-26,139,139,8,-66.0,899.0
47,2012-12-27,140,140,8,-66.0,903.0
48,2012-12-28,141,141,8,-64.0,904.0
49,2012-12-29,142,142,8,-65.0,906.0
50,2012-12-31,143,143,8,-63.0,908.0
51,2013-01-01,144,144,8,-64.0,907.0
52,2013-01-02,145,145,8,-64.0,909.0
53,2013-01-03,146,146,8,-65.0,908.0
54,2013-01-04,147,147,8,-65.0,914.0
55,2013-01-05,148,148,8,-65.0,912.0
56,2013-01-06,149,149,8,-65.0,914.0
58,2013-01-07,150,150,8,-64.0,913.0
59,2013-01-08,151,151,9,-65.0,915.0
60,2013-01-09,152,152,9,-63.0,914.0
61,2013-01-10,153,153,9,-65.0,915.0
62,2013-01-11,154,154,9,-65.0,917.0
63,2013-01-12,155,155,9,-64.0,917.0
64,2013-01-13,156,156,9,-65.0,922.0
65,2013-01-14,157,157,9,-64.0,920.0
66,2013-01-15,158,158,9,-66.0,922.0
67,2013-01-16,159,159,9,-65.0,918.0
69,2013-01-17,160,160,9,-67.0,919.0
70,2013-01-18,161,161,9,-65.0,919.0
71,2013-01-19,162,162,9,-65.0,919.0
72,2013-01-20,163,163,9,-65.0,919.0
73,2013-01-21,164,164,9,-64.0,919.0
74,2013-01-22,165,165,9,-65.0,922.0
75,2013-01-23,166,166,9,-65.0,922.0
76,2013-01-24,167,167,9,-65.0,920.0
77,2013-01-25,168,168,9,-66.0,923.0
78,2013-01-26,169,169,9,-66.0,922.0
80,2013-01-27,170,170,9,-66.0,925.0
81,2013-01-28,171,171,9,-67.0,925.0
82,2013-01-29,172,172,9,-67.0,923.0
83,2013-01-30,173,173,9,-67.0,920.0
84,2013-01-31,174,174,9,-67.0,921.0
85,2013-02-01,175,175,9,-68.0,921.0
86,2013-02-02,176,176,9,-67.0,920.0
87,2013-02-03,177,177,9,-66.0,921.0
88,2013-02-04,178,178,9,-66.0,920.0
89,2013-02-06,179,179,9,-66.0,920.0
91,2013-02-07,180,180,9,-67.0,919.0
92,2013-02-08,181,181,9,-67.0,918.0
93,2013-02-09,182,182,9,-67.0,921.0
94,2013-02-10,183,183,9,-67.0,921.0
95,2013-02-11,184,184,9,-67.0,923.0
96,2013-02-12,185,185,9,-67.0,923.0
97,2013-02-13,186,186,9,-66.0,922.0
98,2013-02-14,187,187,9,-67.0,921.0
99,2013-02-15,188,188,9,-68.0,920.0
100,2013-02-16,189,189,9,-68.0,920.0
102,2013-02-17,190,190,9,-66.0,917.0
103,2013-02-18,191,191,9,-67.0,921.0
106,2013-02-23,196,196,9,-66.0,916.0
107,2013-02-24,197,197,10,-68.0,915.0
108,2013-02-25,198,198,10,-67.0,914.0
109,2013-02-26,199,199,10,-66.0,917.0
116,2013-03-23,223,223,10,-71.0,895.0
117,2013-03-24,224,224,10,-69.0,894.0
118,2013-03-25,225,225,10,-71.0,894.0
119,2013-03-26,226,226,10,-70.0,894.0
120,2013-03-27,227,227,10,-70.0,892.0
121,2013-03-28,228,228,10,-71.0,894.0
122,2013-03-29,229,229,10,-69.0,894.0
124,2013-03-30,230,230,10,-69.0,888.0
125,2013-03-31,231,231,10,-71.0,890.0
126,2013-04-01,232,232,10,-69.0,888.0
127,2013-04-02,233,233,10,-69.0,889.0
128,2013-04-03,234,234,10,-69.0,890.0
129,2013-04-04,235,235,10,-70.0,886.0
130,2013-04-05,236,236,10,-72.0,886.0
131,2013-04-06,237,237,10,-71.0,883.0
132,2013-04-07,238,238,10,-70.0,885.0
133,2013-04-08,239,239,10,-73.0,885.0
135,2013-04-09,240,240,10,-70.0,884.0
136,2013-04-10,241,241,10,-72.0,884.0
137,2013-04-11,242,242,10,-70.0,881.0
138,2013-04-12,243,243,10,-71.0,884.0
139,2013-04-13,244,244,11,-69.0,878.0
140,2013-04-14,245,245,11,-70.0,879.0
141,2013-04-15,246,246,11,-73.0,878.0
142,2013-04-16,247,247,11,-71.0,873.0
143,2013-04-17,248,248,11,-70.0,877.0
144,2013-04-18,249,249,11,-69.0,873.0
146,2013-04-19,250,250,11,-70.0,877.0
147,2013-04-20,251,251,11,-71.0,876.0
148,2013-04-22,252,252,11,-71.0,874.0
149,2013-04-23,253,253,11,-71.0,877.0
150,2013-04-24,254,254,11,-70.0,871.0
151,2013-04-25,255,255,11,-69.0,877.0
152,2013-04-26,256,256,11,-70.0,871.0
153,2013-04-27,257,257,11,-70.0,871.0
154,2013-04-28,258,258,11,-71.0,869.0
155,2013-04-29,259,259,11,-72.0,871.0
157,2013-04-30,260,260,11,-70.0,875.0
158,2013-05-01,261,261,11,-70.0,868.0
161,2013-05-08,268,268,11,-70.0,864.0
162,2013-05-09,269,269,11,-72.0,866.0
164,2013-05-10,270,270,11,-67.0,863.0
165,2013-05-11,271,271,11,-69.0,864.0
166,2013-05-12,272,272,11,-71.0,864.0
167,2013-05-13,273,273,11,-70.0,861.0
168,2013-05-14,274,274,11,-70.0,861.0
169,2013-05-15,275,275,11,-67.0,860.0
244,2013-05-16,276,276,11,-69.0,858.0
245,2013-05-17,277,277,11,-69.0,857.0
246,2013-05-18,278,278,11,-67.0,855.0
247,2013-05-19,279,279,11,-68.0,856.0
248,2013-05-20,280,280,11,-69.0,856.0
249,2013-05-21,281,281,11,-68.0,855.0
250,2013-05-22,282,282,11,-72.0,856.0
251,2013-05-23,283,283,11,-68.0,854.0
252,2013-05-24,284,284,11,-71.0,854.0
253,2013-05-25,285,285,11,-70.0,852.0
254,2013-05-26,286,286,11,-71.0,854.0
255,2013-05-27,287,287,11,-72.0,856.0
256,2013-05-29,288,288,11,-69.0,854.0
257,2013-05-30,289,289,11,-71.0,854.0
258,2013-05-31,290,290,11,-71.0,853.0
259,2013-06-01,291,291,11,-70.0,853.0
260,2013-06-02,292,292,11,-71.0,853.0
261,2013-06-03,293,293,11,-72.0,850.0
262,2013-06-04,294,294,11,-72.0,852.0
263,2013-06-05,295,295,12,-71.0,853.0
264,2013-06-06,296,296,12,-71.0,850.0
265,2013-06-07,297,297,12,-72.0,849.0
266,2013-06-08,298,298,12,-72.0,850.0
267,2013-06-09,299,299,12,-71.0,849.0
286,2013-06-10,300,300,12,-72.0,852.0
276,2013-06-11,301,301,12,-73.0,852.0
287,2013-06-12,302,302,12,-71.0,850.0
283,2013-06-13,303,303,12,-71.0,849.0
281,2013-06-14,304,304,12,-70.0,848.0
275,2013-06-15,305,305,12,-71.0,847.0
280,2013-06-16,306,306,12,-71.0,848.0
279,2013-06-17,307,307,12,-72.0,851.0
282,2013-06-18,308,308,12,-73.0,850.0
284,2013-06-19,309,309,12,-72.0,848.0
278,2013-06-20,310,310,12,-71.0,849.0
277,2013-06-21,311,311,12,-74.0,846.0
285,2013-06-22,312,312,12,-71.0,845.0
274,2013-06-23,313,313,12,-77.0,849.0
272,2013-06-24,314,314,12,-73.0,848.0
273,2013-06-25,315,315,12,-74.0,850.0
288,2013-06-26,316,316,12,-74.0,851.0
268,2013-06-27,317,317,12,-72.0,849.0
270,2013-06-28,318,318,12,-74.0,849.0
271,2013-06-29,319,319,12,-73.0,847.0
269,2013-06-30,320,320,12,-74.0,846.0
289,2013-07-01,321,321,12,-75.0,847.0
291,2013-07-02,322,322,12,-74.0,849.0
290,2013-07-03,323,323,12,-74.0,847.0
292,2013-07-04,324,324,12,-75.0,850.0
294,2013-07-06,325,325,12,-74.0,847.0
295,2013-07-07,326,326,12,-72.0,848.0
296,2013-07-08,327,327,12,-74.0,848.0
293,2013-07-09,328,328,12,-75.0,847.0
298,2013-07-10,329,329,12,-74.0,847.0
297,2013-07-11,330,330,12,-75.0,848.0
303,2013-07-12,331,331,12,-74.0,848.0
300,2013-07-13,332,332,12,-76.0,849.0
299,2013-07-14,333,333,12,-75.0,849.0
301,2013-07-15,334,334,12,-74.0,852.0
302,2013-07-16,335,335,12,-76.0,852.0
305,2013-07-17,336,336,12,-76.0,852.0
304,2013-07-18,337,337,12,-75.0,853.0
306,2013-07-19,338,338,12,-78.0,848.0
308,2013-07-20,339,339,12,-76.0,849.0
307,2013-07-21,340,340,12,-76.0,851.0
310,2013-07-22,341,341,12,-77.0,852.0
309,2013-07-23,342,342,12,-76.0,851.0
311,2013-07-24,343,343,12,-77.0,850.0
317,2013-07-25,344,344,12,-77.0,851.0
312,2013-07-26,345,345,12,-77.0,853.0
314,2013-07-27,346,346,12,-76.0,853.0
313,2013-07-28,347,347,12,-77.0,851.0
315,2013-07-29,348,348,12,-74.0,850.0
316,2013-07-30,349,349,12,-75.0,852.0
318,2013-07-31,350,350,12,-76.0,853.0
320,2013-08-01,351,351,1,-75.0,853.0
319,2013-08-02,352,352,1,-77.0,854.0
323,2013-08-03,353,353,1,-75.0,855.0
322,2013-08-04,354,354,1,-75.0,857.0
321,2013-08-05,355,355,1,-75.0,857.0
324,2013-08-06,356,356,1,-77.0,856.0
325,2013-08-07,357,357,1,-76.0,857.0
326,2013-08-17,366,366,1,-76.0,861.0
328,2013-08-18,367,367,1,-76.0,862.0
330,2013-08-19,368,368,1,-77.0,863.0
331,2013-08-20,369,369,1,-75.0,865.0
332,2013-08-21,370,370,1,-79.0,865.0
333,2013-08-22,371,371,1,-77.0,865.0
334,2013-08-23,372,372,1,-76.0,866.0
335,2013-08-24,373,373,1,-79.0,866.0
337,2013-08-25,374,374,1,-79.0,866.0
336,2013-08-26,375,375,1,-77.0,867.0
340,2013-08-27,376,376,1,-78.0,870.0
338,2013-08-28,377,377,1,-78.0,870.0
339,2013-08-29,378,378,1,-78.0,869.0
341,2013-08-30,379,379,1,-79.0,870.0
343,2013-08-31,380,380,1,-79.0,870.0
345,2013-09-01,381,381,1,-79.0,871.0
344,2013-09-02,382,382,1,-76.0,872.0
342,2013-09-03,383,383,1,-77.0,874.0
346,2013-09-04,384,384,1,-77.0,875.0
351,2013-09-05,385,385,1,-78.0,874.0
347,2013-09-06,386,386,1,-77.0,873.0
349,2013-09-07,387,387,1,-78.0,874.0
350,2013-09-08,388,388,1,-79.0,875.0
348,2013-09-09,389,389,1,-79.0,875.0
352,2013-09-10,390,390,1,-78.0,875.0
353,2013-09-11,391,391,1,-78.0,875.0
354,2013-09-12,392,392,1,-77.0,876.0
355,2013-09-13,393,393,1,-76.0,877.0
356,2013-09-14,394,394,1,-79.0,878.0
357,2013-09-15,395,395,1,-77.0,878.0
358,2013-09-16,396,396,1,-78.0,879.0
359,2013-09-18,397,397,1,-75.0,880.0
360,2013-09-19,398,398,1,-79.0,880.0
361,2013-09-20,399,399,1,-79.0,881.0
363,2013-09-21,400,400,1,-79.0,881.0
362,2013-09-22,401,401,1,-79.0,882.0
365,2013-09-23,402,402,1,-78.0,883.0
364,2013-09-24,403,403,1,-80.0,883.0
367,2013-09-25,404,404,1,-78.0,884.0
366,2013-09-26,405,405,1,-82.0,885.0
374,2013-09-27,406,406,1,-81.0,886.0
370,2013-09-28,407,407,1,-81.0,887.0
369,2013-09-29,408,408,1,-80.0,887.0
368,2013-09-30,409,409,1,-81.0,887.0
373,2013-10-01,410,410,1,-81.0,888.0
372,2013-10-02,411,411,1,-82.0,887.0
371,2013-10-03,412,412,2,-80.0,888.0
376,2013-10-04,413,413,2,-82.0,888.0
375,2013-10-05,414,414,2,-79.0,889.0
377,2013-10-06,415,415,2,-82.0,890.0
378,2013-10-07,416,416,2,-79.0,889.0
379,2013-10-08,417,417,2,-82.0,890.0
380,2013-10-09,418,418,2,-79.0,891.0
381,2013-10-10,419,419,2,-82.0,891.0
385,2013-10-11,420,420,2,-80.0,892.0
382,2013-10-12,421,421,2,-81.0,890.0
384,2013-10-13,422,422,2,-82.0,891.0
383,2013-10-14,423,423,2,-81.0,892.0
386,2013-10-15,424,424,2,-81.0,893.0
393,2013-10-16,425,425,2,-81.0,893.0
388,2013-10-17,426,426,2,-79.0,893.0
392,2013-10-18,427,427,2,-81.0,893.0
391,2013-10-19,428,428,2,-81.0,894.0
387,2013-10-20,429,429,2,-82.0,895.0
390,2013-10-21,430,430,2,-82.0,896.0
389,2013-10-22,431,431,2,-83.0,895.0
395,2013-10-23,432,432,2,-80.0,896.0
394,2013-10-24,433,433,2,-81.0,895.0
397,2013-10-26,434,434,2,-80.0,896.0
396,2013-10-27,435,435,2,-81.0,896.0
398,2013-10-28,436,436,2,-81.0,897.0
399,2013-10-29,437,437,2,-82.0,898.0
400,2013-10-30,438,438,2,-79.0,899.0
401,2013-10-31,439,439,2,-80.0,899.0
404,2013-11-01,440,440,2,-80.0,899.0
402,2013-11-02,441,441,2,-81.0,900.0
405,2013-11-03,442,442,2,-80.0,900.0
403,2013-11-04,443,443,2,-81.0,901.0
407,2013-11-16,455,455,2,-84.0,905.0
406,2013-11-17,456,456,2,-83.0,905.0
409,2013-11-24,463,463,2,-86.0,906.0
410,2013-11-25,464,464,2,-84.0,906.0
412,2013-11-26,465,465,2,-85.0,906.0
415,2013-11-27,466,466,2,-85.0,907.0
411,2013-11-28,467,467,2,-84.0,907.0
414,2013-11-29,468,468,2,-85.0,907.0
413,2013-11-30,469,469,2,-85.0,908.0
475,2013-12-02,470,470,2,-85.0,907.0
479,2013-12-03,471,471,2,-84.0,906.0
416,2013-12-04,472,472,2,-84.0,907.0
417,2013-12-05,473,473,2,-86.0,907.0
420,2013-12-06,474,474,2,-84.0,906.0
419,2013-12-07,475,475,2,-85.0,906.0
418,2013-12-08,476,476,2,-85.0,906.0
421,2013-12-09,477,477,3,-85.0,907.0
422,2013-12-18,486,486,3,-84.0,904.0
473,2013-12-19,487,487,3,-85.0,904.0
480,2013-12-20,488,488,3,-87.0,903.0
423,2013-12-21,489,489,3,-85.0,904.0
434,2013-12-22,490,490,3,-87.0,903.0
433,2013-12-23,491,491,3,-86.0,903.0
427,2013-12-24,492,492,3,-86.0,903.0
426,2013-12-25,493,493,3,-84.0,902.0
429,2013-12-26,494,494,3,-85.0,902.0
431,2013-12-27,495,495,3,-86.0,900.0
428,2013-12-28,496,496,3,-85.0,901.0
425,2013-12-29,497,497,3,-86.0,901.0
424,2013-12-30,498,498,3,-86.0,901.0
432,2013-12-31,499,499,3,-84.0,899.0
430,2014-01-01,500,500,3,-85.0,897.0
435,2014-01-02,501,501,3,-86.0,898.0
437,2014-01-03,502,502,3,-87.0,898.0
483,2014-01-04,503,503,3,-86.0,897.0
436,2014-01-05,504,504,3,-85.0,895.0
438,2014-01-06,505,505,3,-85.0,895.0
439,2014-01-08,506,506,3,-86.0,894.0
440,2014-01-09,507,507,3,-85.0,894.0
442,2014-01-10,508,508,3,-83.0,893.0
443,2014-01-11,509,509,3,-86.0,895.0
441,2014-01-12,510,510,3,-85.0,892.0
446,2014-01-13,511,511,3,-85.0,892.0
444,2014-01-14,512,512,3,-86.0,890.0
445,2014-01-15,513,513,3,-86.0,889.0
447,2014-01-16,514,514,3,-86.0,888.0
450,2014-01-17,515,515,3,-86.0,888.0
449,2014-01-18,516,516,3,-86.0,888.0
448,2014-01-19,517,517,3,-86.0,885.0
451,2014-01-20,518,518,3,-85.0,885.0
452,2014-01-21,519,519,3,-86.0,884.0
453,2014-01-22,520,520,3,-86.0,884.0
454,2014-01-23,521,521,3,-87.0,882.0
455,2014-01-24,522,522,3,-85.0,881.0
458,2014-01-25,523,523,3,-85.0,881.0
457,2014-01-26,524,524,3,-85.0,880.0
456,2014-01-27,525,525,3,-87.0,878.0
459,2014-01-28,526,526,3,-87.0,878.0
460,2014-01-29,527,527,3,-86.0,877.0
461,2014-01-30,528,528,3,-86.0,876.0
462,2014-01-31,529,529,3,-87.0,875.0
463,2014-02-01,530,530,3,-87.0,873.0
465,2014-02-02,531,531,3,-87.0,872.0
464,2014-02-03,532,532,3,-88.0,872.0
466,2014-02-04,533,533,3,-87.0,871.0
467,2014-02-05,534,534,3,-86.0,869.0
468,2014-02-06,535,535,3,-88.0,868.0
470,2014-02-07,536,536,3,-83.0,867.0
469,2014-02-08,537,537,3,-83.0,865.0
472,2014-02-09,538,538,3,-85.0,865.0
476,2014-02-10,539,539,3,-85.0,864.0
481,2014-02-11,540,540,3,-84.0,862.0
482,2014-02-12,541,541,3,-84.0,861.0
477,2014-02-13,542,542,3,-85.0,859.0
486,2014-02-15,543,543,3,-84.0,858.0
487,2014-02-16,544,544,4,-86.0,857.0
490,2014-02-17,545,545,4,-85.0,856.0
489,2014-02-18,546,546,4,-85.0,855.0
488,2014-02-19,547,547,4,-85.0,853.0
491,2014-02-20,548,548,4,-86.0,852.0
492,2014-02-21,549,549,4,-87.0,851.0
494,2014-02-22,550,550,4,-85.0,850.0
495,2014-02-23,551,551,4,-85.0,848.0
493,2014-02-24,552,552,4,-86.0,847.0
496,2014-02-25,553,553,4,-84.0,845.0
497,2014-02-26,554,554,4,-84.0,843.0
499,2014-02-27,555,555,4,-85.0,843.0
501,2014-02-28,556,556,4,-85.0,842.0
498,2014-03-01,557,557,4,-85.0,840.0
500,2014-03-02,558,558,4,-85.0,839.0
502,2014-03-03,559,559,4,-85.0,838.0
503,2014-03-04,560,560,4,-86.0,836.0
504,2014-03-05,561,561,4,-85.0,835.0
506,2014-03-06,562,562,4,-85.0,834.0
505,2014-03-07,563,563,4,-87.0,833.0
509,2014-03-08,564,564,4,-86.0,831.0
508,2014-03-09,565,565,4,-85.0,830.0
507,2014-03-10,566,566,4,-86.0,829.0
510,2014-03-11,567,567,4,-86.0,827.0
511,2014-03-12,568,568,4,-86.0,825.0
512,2014-03-13,569,569,4,-85.0,825.0
513,2014-03-14,570,570,4,-84.0,823.0
515,2014-03-15,571,571,4,-84.0,821.0
514,2014-03-16,572,572,4,-85.0,820.0
516,2014-03-17,573,573,4,-84.0,819.0
517,2014-03-18,574,574,4,-85.0,817.0
518,2014-03-19,575,575,4,-82.0,816.0
520,2014-03-20,576,576,4,-84.0,815.0
519,2014-03-21,577,577,4,-84.0,813.0
521,2014-03-22,578,578,4,-83.0,812.0
522,2014-03-24,579,579,4,-82.0,811.0
523,2014-03-25,580,580,4,-83.0,810.0
524,2014-03-26,581,581,4,-84.0,808.0
525,2014-03-27,582,582,4,-84.0,807.0
526,2014-03-28,583,583,4,-82.0,806.0
528,2014-03-29,584,584,4,-82.0,804.0
527,2014-03-30,585,585,4,-83.0,802.0
529,2014-03-31,586,586,4,-82.0,802.0
530,2014-04-01,587,587,4,-85.0,801.0
532,2014-04-02,588,588,4,-84.0,799.0
531,2014-04-03,589,589,4,-85.0,798.0
535,2014-04-04,590,590,4,-82.0,797.0
533,2014-04-05,591,591,4,-82.0,795.0
534,2014-04-06,592,592,4,-83.0,795.0
536,2014-04-07,593,593,4,-83.0,795.0
537,2014-04-08,594,594,4,-83.0,793.0
538,2014-04-09,595,595,4,-83.0,792.0
539,2014-04-10,596,596,4,-82.0,791.0
540,2014-04-11,597,597,4,-84.0,790.0
542,2014-04-12,598,598,4,-84.0,787.0
543,2014-04-13,599,599,4,-84.0,788.0
541,2014-04-14,600,600,4,-81.0,787.0
544,2014-04-15,601,601,4,-82.0,785.0
545,2014-04-16,602,602,4,-82.0,784.0
548,2014-04-17,603,603,4,-83.0,783.0
546,2014-04-18,604,604,4,-84.0,782.0
547,2014-04-19,605,605,4,-83.0,781.0
549,2014-04-20,606,606,4,-84.0,780.0
550,2014-04-21,607,607,4,-83.0,779.0
551,2014-04-22,608,608,4,-85.0,777.0
552,2014-04-23,609,609,5,-84.0,777.0
554,2014-04-24,610,610,5,-85.0,776.0
555,2014-04-25,611,611,5,-84.0,775.0
553,2014-04-26,612,612,5,-85.0,774.0
556,2014-04-27,613,613,5,-84.0,773.0
557,2014-04-28,614,614,5,-82.0,772.0
558,2014-04-29,615,615,5,-83.0,771.0
559,2014-05-01,616,616,5,-82.0,769.0
561,2014-05-02,617,617,5,-84.0,769.0
562,2014-05-03,618,618,5,-83.0,769.0
560,2014-05-04,619,619,5,-82.0,766.0
563,2014-05-05,620,620,5,-83.0,765.0
564,2014-05-06,621,621,5,-82.0,765.0
565,2014-05-07,622,622,5,-84.0,763.0
566,2014-05-08,623,623,5,-83.0,763.0
568,2014-05-09,624,624,5,-82.0,762.0
569,2014-05-10,625,625,5,-81.0,761.0
567,2014-05-11,626,626,5,-82.0,760.0
570,2014-05-12,627,627,5,-82.0,759.0
571,2014-05-13,628,628,5,-81.0,759.0
572,2014-05-14,629,629,5,-84.0,759.0
573,2014-05-15,630,630,5,-82.0,757.0
576,2014-05-16,631,631,5,-81.0,756.0
575,2014-05-17,632,632,5,-79.0,755.0
574,2014-05-18,633,633,5,-81.0,754.0
577,2014-05-19,634,634,5,-82.0,753.0
578,2014-05-20,635,635,5,-82.0,754.0
582,2014-05-21,636,636,5,-81.0,752.0
580,2014-05-22,637,637,5,-80.0,752.0
579,2014-05-23,638,638,5,-80.0,751.0
581,2014-05-24,639,639,5,-80.0,750.0
583,2014-05-25,640,640,5,-81.0,750.0
584,2014-05-26,641,641,5,-81.0,749.0
585,2014-05-27,642,642,5,-80.0,749.0
586,2014-05-28,643,643,5,-80.0,748.0
588,2014-05-29,644,644,5,-80.0,748.0
589,2014-05-30,645,645,5,-81.0,746.0
587,2014-05-31,646,646,5,-81.0,746.0
590,2014-06-01,647,647,5,-79.0,746.0
591,2014-06-02,648,648,5,-80.0,746.0
592,2014-06-03,649,649,5,-79.0,745.0
593,2014-06-04,650,650,5,-80.0,743.0
595,2014-06-05,651,651,5,-80.0,743.0
594,2014-06-07,652,652,5,-79.0,745.0
596,2014-06-08,653,653,5,-80.0,744.0
597,2014-06-09,654,654,5,-79.0,742.0
598,2014-06-10,655,655,5,-77.0,741.0
599,2014-06-11,656,656,5,-80.0,740.0
600,2014-06-12,657,657,5,-79.0,739.0
602,2014-06-13,658,658,5,-79.0,739.0
603,2014-06-14,659,659,5,-77.0,738.0
601,2014-06-15,660,660,5,-78.0,735.0
604,2014-06-16,661,661,5,-76.0,735.0
605,2014-06-17,662,662,5,-77.0,735.0
609,2014-06-18,663,663,5,-77.0,734.0
607,2014-06-19,664,664,5,-78.0,732.0
610,2014-06-20,665,665,5,-78.0,735.0
608,2014-06-21,666,666,5,-77.0,736.0
606,2014-06-22,667,667,5,-76.0,736.0
611,2014-06-23,668,668,6,-75.0,734.0
613,2014-06-24,669,669,6,-84.0,735.0
612,2014-06-25,670,670,6,-79.0,737.0
614,2014-06-26,671,671,6,-79.0,740.0
615,2014-06-27,672,672,6,-78.0,739.0
616,2014-06-28,673,673,6,-78.0,738.0
617,2014-06-29,674,674,6,-80.0,739.0
618,2014-06-30,675,675,6,-80.0,740.0
619,2014-07-01,676,676,6,-80.0,738.0
622,2014-07-02,677,677,6,-78.0,737.0
621,2014-07-03,678,678,6,-77.0,739.0
624,2014-07-04,679,679,6,-77.0,738.0
620,2014-07-05,680,680,6,-76.0,740.0
623,2014-07-06,681,681,6,-79.0,738.0
625,2014-07-07,682,682,6,-77.0,739.0
626,2014-07-08,683,683,6,-79.0,741.0
627,2014-07-09,684,684,6,-75.0,741.0
628,2014-07-10,685,685,6,-77.0,740.0
629,2014-07-11,686,686,6,-76.0,738.0
630,2014-07-12,687,687,6,-77.0,739.0
631,2014-07-14,688,688,6,-77.0,741.0
632,2014-07-15,689,689,6,-76.0,742.0
633,2014-07-16,690,690,6,-77.0,741.0
634,2014-07-17,691,691,6,-76.0,741.0
637,2014-07-18,692,692,6,-76.0,742.0
636,2014-07-19,693,693,6,-76.0,741.0
635,2014-07-20,694,694,6,-75.0,740.0
638,2014-07-21,695,695,6,-76.0,741.0
639,2014-07-22,696,696,6,-75.0,743.0
640,2014-07-23,697,697,6,-74.0,743.0
641,2014-07-24,698,698,6,-77.0,743.0
642,2014-07-25,699,699,6,-76.0,744.0
643,2014-07-26,700,700,6,-75.0,745.0
644,2014-07-27,701,701,6,-77.0,745.0
645,2014-07-28,702,702,6,-76.0,745.0
646,2014-07-29,703,703,6,-75.0,747.0
647,2014-07-30,704,704,6,-75.0,747.0
648,2014-07-31,705,705,6,-76.0,746.0
650,2014-08-01,706,706,6,-76.0,748.0
651,2014-08-02,707,707,6,-76.0,749.0
649,2014-08-03,708,708,6,-76.0,749.0
652,2014-08-04,709,709,6,-73.0,750.0
653,2014-08-05,710,710,6,-77.0,751.0
654,2014-08-06,711,711,6,-75.0,751.0
658,2014-08-07,712,712,6,-77.0,752.0
656,2014-08-08,713,713,6,-76.0,754.0
655,2014-08-09,714,714,6,-76.0,754.0
657,2014-08-10,715,715,6,-73.0,755.0
659,2014-08-11,716,716,6,-75.0,755.0
661,2014-08-12,717,717,6,-76.0,756.0
660,2014-08-13,718,718,6,-77.0,757.0
662,2014-08-14,719,719,6,-77.0,758.0
663,2014-08-15,720,720,6,-74.0,760.0
664,2014-08-16,721,721,6,-73.0,761.0
665,2014-08-17,722,722,6,-74.0,760.0
666,2014-08-18,723,723,7,-73.0,761.0
667,2014-08-19,724,724,7,-74.0,763.0
669,2014-08-21,725,725,7,-73.0,764.0
668,2014-08-22,726,726,7,-75.0,766.0
671,2014-08-23,727,727,7,-76.0,766.0
670,2014-08-24,728,728,7,-74.0,766.0
672,2014-08-25,729,729,7,-75.0,768.0
676,2014-08-26,730,730,7,-76.0,770.0
673,2014-08-27,731,731,7,-75.0,771.0
677,2014-08-28,732,732,7,-75.0,773.0
674,2014-08-29,733,733,7,-74.0,773.0
675,2014-08-30,734,734,7,-73.0,776.0
678,2014-08-31,735,735,7,-73.0,776.0
679,2014-09-01,736,736,7,-76.0,776.0
680,2014-09-02,737,737,7,-74.0,777.0
681,2014-09-03,738,738,7,-75.0,778.0
682,2014-09-04,739,739,7,-77.0,779.0
685,2014-09-05,740,740,7,-76.0,782.0
683,2014-09-06,741,741,7,-70.0,784.0
684,2014-09-07,742,742,7,-72.0,784.0
686,2014-09-08,743,743,7,-72.0,786.0
687,2014-09-09,744,744,7,-75.0,786.0
689,2014-09-10,745,745,7,-74.0,787.0
688,2014-09-11,746,746,7,-76.0,788.0
691,2014-09-12,747,747,7,-73.0,789.0
690,2014-09-13,748,748,7,-71.0,791.0
692,2014-09-14,749,749,7,-73.0,794.0
693,2014-09-15,750,750,7,-72.0,796.0
695,2014-09-16,751,751,7,-72.0,797.0
694,2014-09-17,752,752,7,-71.0,798.0
698,2014-09-18,753,753,7,-73.0,800.0
696,2014-09-19,754,754,7,-73.0,802.0
697,2014-09-20,755,755,7,-74.0,806.0
699,2014-09-21,756,756,7,-73.0,806.0
700,2014-09-22,757,757,7,-73.0,807.0
701,2014-09-23,758,758,7,-71.0,810.0
702,2014-09-24,759,759,7,-77.0,809.0
704,2014-09-25,760,760,7,-70.0,810.0
705,2014-09-27,761,761,7,-72.0,814.0
703,2014-09-28,762,762,7,-75.0,814.0
706,2014-09-29,763,763,7,-78.0,817.0
707,2014-09-30,764,764,7,-73.0,821.0
708,2014-10-01,765,765,7,-73.0,820.0
709,2014-10-02,766,766,7,-70.0,824.0
710,2014-10-03,767,767,7,-71.0,824.0
712,2014-10-04,768,768,7,-73.0,826.0
711,2014-10-05,769,769,7,-73.0,829.0
713,2014-10-06,770,770,7,-70.0,829.0
714,2014-10-07,771,771,7,-71.0,836.0
715,2014-10-08,772,772,8,-71.0,835.0
716,2014-10-09,773,773,8,-70.0,838.0
719,2014-10-10,774,774,8,-73.0,838.0
717,2014-10-11,775,775,8,-71.0,838.0
718,2014-10-12,776,776,8,-72.0,841.0
720,2014-10-13,777,777,8,-72.0,841.0
721,2014-10-14,778,778,8,-70.0,846.0
722,2014-10-15,779,779,8,-71.0,845.0
723,2014-10-16,780,780,8,-72.0,852.0
725,2014-10-17,781,781,8,-74.0,849.0
724,2014-10-18,782,782,8,-71.0,854.0
727,2014-10-19,783,783,8,-69.0,853.0
726,2014-10-20,784,784,8,-69.0,857.0
728,2014-10-21,785,785,8,-74.0,858.0
729,2014-10-22,786,786,8,-74.0,861.0
732,2014-10-23,787,787,8,-73.0,860.0
731,2014-10-24,788,788,8,-68.0,862.0
730,2014-10-25,789,789,8,-68.0,862.0
733,2014-10-26,790,790,8,-68.0,864.0
734,2014-10-27,791,791,8,-70.0,867.0
735,2014-10-28,792,792,8,-71.0,873.0
736,2014-10-29,793,793,8,-71.0,877.0
739,2014-10-30,794,794,8,-68.0,874.0
738,2014-10-31,795,795,8,-68.0,875.0
737,2014-11-01,796,796,8,-65.0,877.0
740,2014-11-03,797,797,8,-65.0,879.0
741,2014-11-04,798,798,8,-67.0,883.0
743,2014-11-05,799,799,8,-70.0,884.0
742,2014-11-06,800,800,8,-67.0,884.0
746,2014-11-07,801,801,8,-70.0,884.0
745,2014-11-08,802,802,8,-69.0,887.0
744,2014-11-09,803,803,8,-69.0,888.0
747,2014-11-10,804,804,8,-73.0,891.0
748,2014-11-11,805,805,8,-70.0,893.0
750,2014-11-12,806,806,8,-69.0,893.0
749,2014-11-13,807,807,8,-71.0,892.0
752,2014-11-14,808,808,8,-67.0,893.0
753,2014-11-15,809,809,8,-70.0,895.0
751,2014-11-16,810,810,8,-69.0,897.0
754,2014-11-17,811,811,8,-71.0,900.0
755,2014-11-18,812,812,8,-75.0,902.0
756,2014-11-19,813,813,8,-67.0,904.0
757,2014-11-20,814,814,8,-68.0,902.0
759,2014-11-21,815,815,8,-69.0,905.0
758,2014-11-22,816,816,8,-74.0,909.0
761,2014-11-23,817,817,8,-69.0,913.0
760,2014-11-24,818,818,8,-68.0,914.0
763,2014-11-25,819,819,9,-71.0,913.0
765,2014-11-26,820,820,9,-68.0,910.0
762,2014-11-27,821,821,9,-68.0,910.0
764,2014-11-28,822,822,9,-71.0,911.0
766,2014-11-29,823,823,9,-69.0,912.0
768,2014-11-30,824,824,9,-67.0,914.0
767,2014-12-01,825,825,9,-67.0,914.0
770,2014-12-02,826,826,9,-68.0,914.0
769,2014-12-03,827,827,9,-68.0,911.0
771,2014-12-04,828,828,9,-71.0,914.0
773,2014-12-05,829,829,9,-71.0,914.0
772,2014-12-06,830,830,9,-68.0,918.0
774,2014-12-07,831,831,9,-68.0,920.0
775,2014-12-08,832,832,9,-68.0,924.0
776,2014-12-09,833,833,9,-69.0,923.0
777,2014-12-11,834,834,9,-68.0,918.0
780,2014-12-12,835,835,9,-69.0,917.0
778,2014-12-13,836,836,9,-69.0,916.0
779,2014-12-14,837,837,9,-69.0,916.0
782,2014-12-15,838,838,9,-69.0,917.0
781,2014-12-16,839,839,9,-70.0,917.0
783,2014-12-17,840,840,9,-74.0,913.0
784,2014-12-18,841,841,9,-75.0,914.0
790,2014-12-19,842,842,9,-69.0,914.0
793,2014-12-20,843,843,9,-69.0,916.0
788,2014-12-21,844,844,9,-68.0,917.0
786,2014-12-22,845,845,9,-73.0,920.0
785,2014-12-23,846,846,9,-74.0,925.0
791,2014-12-24,847,847,9,-69.0,918.0
792,2014-12-25,848,848,9,-69.0,918.0
787,2014-12-26,849,849,9,-69.0,918.0
789,2014-12-27,850,850,9,-68.0,918.0
794,2014-12-28,851,851,9,-68.0,919.0
797,2014-12-29,852,852,9,-73.0,916.0
796,2014-12-30,853,853,9,-67.0,913.0
798,2014-12-31,854,854,9,-66.0,910.0
799,2015-01-01,855,855,9,-69.0,912.0
795,2015-01-02,856,856,9,-68.0,912.0
801,2015-01-03,857,857,9,-76.0,911.0
800,2015-01-04,858,858,9,-73.0,913.0
802,2015-01-05,859,859,9,-72.0,915.0
803,2015-01-06,860,860,9,-69.0,916.0
804,2015-01-07,861,861,9,-70.0,917.0
807,2015-01-08,862,862,9,-70.0,917.0
805,2015-01-09,863,863,9,-72.0,916.0
806,2015-01-10,864,864,9,-70.0,914.0
808,2015-01-11,865,865,10,-70.0,913.0
809,2015-01-12,866,866,10,-71.0,911.0
810,2015-01-13,867,867,10,-71.0,910.0
811,2015-01-14,868,868,10,-71.0,908.0
812,2015-01-15,869,869,10,-72.0,906.0
813,2015-01-17,870,870,10,-74.0,909.0
814,2015-01-18,871,871,10,-70.0,903.0
815,2015-01-19,872,872,10,-72.0,902.0
817,2015-01-28,881,881,10,-73.0,899.0
818,2015-01-29,882,882,10,-76.0,901.0
820,2015-01-30,883,883,10,-74.0,897.0
821,2015-01-31,884,884,10,-71.0,897.0
819,2015-02-01,885,885,10,-71.0,895.0
823,2015-02-02,886,886,10,-73.0,894.0
822,2015-02-03,887,887,10,-73.0,897.0
824,2015-02-04,888,888,10,-70.0,896.0
825,2015-02-05,889,889,10,-70.0,895.0
826,2015-02-06,890,890,10,-72.0,892.0
827,2015-02-07,891,891,10,-72.0,892.0
828,2015-02-08,892,892,10,-71.0,892.0
829,2015-02-09,893,893,10,-72.0,890.0
830,2015-02-10,894,894,10,-75.0,891.0
831,2015-02-11,895,895,10,-72.0,889.0
833,2015-02-12,896,896,10,-70.0,888.0
832,2015-02-13,897,897,10,-72.0,884.0
834,2015-02-14,898,898,10,-72.0,883.0
835,2015-02-15,899,899,10,-75.0,881.0
836,2015-02-16,900,900,10,-70.0,883.0
837,2015-02-17,901,901,10,-71.0,885.0
838,2015-02-18,902,902,10,-68.0,883.0
839,2015-02-19,903,903,10,-71.0,882.0
841,2015-02-20,904,904,10,-71.0,878.0
840,2015-02-21,905,905,10,-71.0,880.0
843,2015-02-22,906,906,10,-76.0,878.0
842,2015-02-24,907,907,10,-75.0,879.0
844,2015-02-25,908,908,10,-71.0,883.0
845,2015-02-26,909,909,10,-70.0,878.0
847,2015-02-27,910,910,10,-73.0,878.0
846,2015-02-28,911,911,10,-70.0,874.0
849,2015-03-01,912,912,10,-75.0,875.0
848,2015-03-02,913,913,11,-71.0,871.0
850,2015-03-03,914,914,11,-71.0,874.0
851,2015-03-04,915,915,11,-71.0,878.0
852,2015-03-05,916,916,11,-71.0,872.0
854,2015-03-06,917,917,11,-76.0,871.0
853,2015-03-07,918,918,11,-71.0,867.0
855,2015-03-08,919,919,11,-74.0,870.0
856,2015-03-09,920,920,11,-72.0,868.0
857,2015-03-10,921,921,11,-70.0,867.0
858,2015-03-11,922,922,11,-73.0,870.0
859,2015-03-12,923,923,11,-72.0,867.0
861,2015-03-13,924,924,11,-74.0,867.0
860,2015-03-14,925,925,11,-71.0,862.0
862,2015-03-15,926,926,11,-76.0,864.0
863,2015-03-16,927,927,11,-76.0,862.0
864,2015-03-17,928,928,11,-72.0,862.0
865,2015-03-18,929,929,11,-75.0,866.0
868,2015-03-19,930,930,11,-75.0,865.0
867,2015-03-20,931,931,11,-69.0,864.0
866,2015-03-21,932,932,11,-71.0,859.0
869,2015-03-22,933,933,11,-71.0,863.0
870,2015-03-23,934,934,11,-73.0,858.0
872,2015-03-24,935,935,11,-75.0,862.0
871,2015-03-25,936,936,11,-72.0,865.0
874,2015-03-26,937,937,11,-73.0,863.0
876,2015-03-29,940,940,11,-73.0,861.0
875,2015-03-30,941,941,11,-74.0,857.0
880,2015-03-31,942,942,11,-74.0,857.0
877,2015-04-02,943,943,11,-73.0,854.0
878,2015-04-03,944,944,11,-70.0,852.0
881,2015-04-04,945,945,11,-72.0,851.0
879,2015-04-05,946,946,11,-77.0,850.0
882,2015-04-06,947,947,11,-70.0,853.0
883,2015-04-07,948,948,11,-73.0,854.0
884,2015-04-08,949,949,11,-72.0,851.0
885,2015-04-09,950,950,11,-73.0,850.0
888,2015-04-10,951,951,11,-75.0,849.0
886,2015-04-11,952,952,11,-69.0,847.0
887,2015-04-12,953,953,11,-71.0,847.0
889,2015-04-13,954,954,11,-73.0,847.0
892,2015-04-17,958,958,11,-74.0,848.0
891,2015-04-18,959,959,11,-78.0,846.0
893,2015-04-19,960,960,11,-76.0,846.0
895,2015-04-20,961,961,11,-71.0,849.0
894,2015-04-21,962,962,11,-73.0,845.0
896,2015-04-22,963,963,11,-71.0,850.0
897,2015-04-23,964,964,12,-72.0,847.0
898,2015-04-24,965,965,12,-75.0,847.0
900,2015-04-25,966,966,12,-73.0,850.0
899,2015-04-26,967,967,12,-74.0,844.0
901,2015-04-27,968,968,12,-71.0,848.0
902,2015-04-28,969,969,12,-72.0,844.0
903,2015-04-29,970,970,12,-71.0,849.0
906,2015-04-30,971,971,12,-71.0,848.0
904,2015-05-01,972,972,12,-73.0,847.0
905,2015-05-02,973,973,12,-72.0,844.0
907,2015-05-03,974,974,12,-73.0,842.0
908,2015-05-04,975,975,12,-73.0,843.0
909,2015-05-05,976,976,12,-75.0,842.0
910,2015-05-06,977,977,12,-75.0,841.0
913,2015-05-07,978,978,12,-73.0,842.0
912,2015-05-09,979,979,12,-79.0,841.0
911,2015-05-10,980,980,12,-73.0,840.0
914,2015-05-11,981,981,12,-73.0,841.0
917,2015-05-12,982,982,12,-74.0,840.0
916,2015-05-13,983,983,12,-76.0,840.0
915,2015-05-14,984,984,12,-74.0,840.0
918,2015-05-15,985,985,12,-78.0,840.0
919,2015-05-16,986,986,12,-74.0,840.0
920,2015-05-17,987,987,12,-74.0,839.0
922,2015-05-18,988,988,12,-75.0,840.0
921,2015-05-19,989,989,12,-74.0,841.0
923,2015-05-20,990,990,12,-76.0,839.0
926,2015-05-21,991,991,12,-73.0,840.0
924,2015-05-22,992,992,12,-73.0,842.0
927,2015-05-23,993,993,12,-73.0,840.0
925,2015-05-24,994,994,12,-79.0,842.0
929,2015-05-25,995,995,12,-74.0,842.0
928,2015-05-26,996,996,12,-72.0,842.0
930,2015-05-27,997,997,12,-74.0,843.0
931,2015-05-28,998,998,12,-73.0,842.0
932,2015-05-30,1000,1000,12,-74.0,841.0
933,2015-05-31,1001,1001,12,-79.0,843.0
936,2015-06-01,1002,1002,12,-77.0,844.0
934,2015-06-02,1003,1003,12,-74.0,843.0
935,2015-06-03,1004,1004,12,-74.0,842.0
939,2015-06-04,1005,1005,12,-75.0,843.0
941,2015-06-05,1006,1006,12,-78.0,844.0
937,2015-06-06,1007,1007,12,-79.0,845.0
940,2015-06-07,1008,1008,12,-79.0,844.0
946,2015-06-08,1009,1009,12,-75.0,845.0
947,2015-06-09,1010,1010,12,-74.0,846.0
948,2015-06-10,1011,1011,12,-78.0,845.0
949,2015-06-11,1012,1012,12,-81.0,846.0
953,2015-06-12,1013,1013,12,-80.0,846.0
950,2015-06-13,1014,1014,12,-77.0,846.0
951,2015-06-14,1015,1015,12,-75.0,847.0
952,2015-06-16,1016,1016,12,-76.0,847.0
955,2015-06-17,1017,1017,12,-78.0,850.0
956,2015-06-18,1018,1018,12,-79.0,850.0
954,2015-06-19,1019,1019,1,-81.0,849.0
938,2015-06-20,1020,1020,1,-63.0,832.0
942,2015-06-21,1021,1021,1,-76.0,850.0
944,2015-06-22,1022,1022,1,-75.0,852.0
943,2015-06-23,1023,1023,1,-76.0,851.0
945,2015-06-24,1024,1024,1,-76.0,851.0
958,2015-06-25,1025,1025,1,-74.0,851.0
957,2015-06-26,1026,1026,1,-78.0,851.0
960,2015-06-28,1028,1028,1,-75.0,853.0
959,2015-06-29,1029,1029,1,-75.0,856.0
961,2015-06-30,1030,1030,1,-77.0,855.0
963,2015-07-01,1031,1031,1,-76.0,854.0
962,2015-07-02,1032,1032,1,-74.0,854.0
965,2015-07-03,1033,1033,1,-77.0,856.0
964,2015-07-04,1034,1034,1,-76.0,859.0
966,2015-07-05,1035,1035,1,-77.0,857.0
967,2015-07-06,1036,1036,1,-76.0,856.0
968,2015-07-07,1037,1037,1,-80.0,856.0
969,2015-07-08,1038,1038,1,-76.0,858.0
970,2015-07-09,1039,1039,1,-77.0,857.0
972,2015-07-10,1040,1040,1,-77.0,858.0
971,2015-07-11,1041,1041,1,-77.0,859.0
973,2015-07-12,1042,1042,1,-76.0,859.0
974,2015-07-13,1043,1043,1,-77.0,860.0
975,2015-07-14,1044,1044,1,-79.0,860.0
978,2015-07-15,1045,1045,1,-80.0,861.0
979,2015-07-16,1046,1046,1,-77.0,862.0
977,2015-07-17,1047,1047,1,-77.0,863.0
976,2015-07-18,1048,1048,1,-78.0,864.0
980,2015-07-19,1049,1049,1,-75.0,864.0
981,2015-07-20,1050,1050,1,-76.0,863.0
983,2015-07-21,1051,1051,1,-76.0,864.0
982,2015-07-23,1052,1052,1,-78.0,865.0
984,2015-07-24,1053,1053,1,-79.0,865.0
985,2015-07-25,1054,1054,1,-77.0,867.0
987,2015-07-26,1055,1055,1,-77.0,868.0
986,2015-07-27,1056,1056,1,-76.0,868.0
988,2015-07-28,1057,1057,1,-78.0,867.0
989,2015-07-29,1058,1058,1,-78.0,868.0
990,2015-07-30,1059,1059,1,-78.0,870.0
992,2015-07-31,1060,1060,1,-78.0,870.0
993,2015-08-01,1061,1061,1,-77.0,871.0
991,2015-08-02,1062,1062,1,-77.0,871.0
994,2015-08-03,1063,1063,1,-79.0,871.0
996,2015-08-04,1064,1064,1,-77.0,871.0
995,2015-08-05,1065,1065,1,-78.0,873.0
997,2015-08-06,1066,1066,1,-78.0,875.0
998,2015-08-07,1067,1067,1,-79.0,875.0
1000,2015-08-08,1068,1068,1,-76.0,874.0
999,2015-08-09,1069,1069,1,-77.0,876.0
1001,2015-08-10,1070,1070,1,-80.0,877.0
1002,2015-08-11,1071,1071,1,-78.0,878.0
1003,2015-08-12,1072,1072,1,-78.0,879.0
1004,2015-08-13,1073,1073,1,-82.0,879.0
1005,2015-08-14,1074,1074,1,-77.0,878.0
1006,2015-08-15,1075,1075,1,-77.0,879.0
1007,2015-08-16,1076,1076,1,-81.0,880.0
1008,2015-08-17,1077,1077,1,-79.0,880.0
1009,2015-08-18,1078,1078,1,-80.0,881.0
1010,2015-08-19,1079,1079,1,-80.0,882.0
1013,2015-08-20,1080,1080,1,-77.0,882.0
1011,2015-08-21,1081,1081,2,-77.0,882.0
1012,2015-08-22,1082,1082,2,-79.0,882.0
1014,2015-08-23,1083,1083,2,-80.0,883.0
1015,2015-08-24,1084,1084,2,-78.0,885.0
1017,2015-08-25,1085,1085,2,-79.0,886.0
1016,2015-08-26,1086,1086,2,-77.0,885.0
1019,2015-08-27,1087,1087,2,-78.0,885.0
1020,2015-08-29,1088,1088,2,-77.0,885.0
1018,2015-08-30,1089,1089,2,-76.0,885.0
1021,2015-08-31,1090,1090,2,-78.0,886.0
1022,2015-09-01,1091,1091,2,-77.0,886.0
1023,2015-09-02,1092,1092,2,-79.0,886.0
1024,2015-09-03,1093,1093,2,-77.0,887.0
1026,2015-09-04,1094,1094,2,-80.0,888.0
1027,2015-09-05,1095,1095,2,-79.0,888.0
1025,2015-09-06,1096,1096,2,-79.0,888.0
1028,2015-09-07,1097,1097,2,-78.0,889.0
1029,2015-09-08,1098,1098,2,-77.0,890.0
1030,2015-09-09,1099,1099,2,-78.0,891.0
1031,2015-09-10,1100,1100,2,-79.0,890.0
1034,2015-09-11,1101,1101,2,-80.0,891.0
1032,2015-09-12,1102,1102,2,-84.0,892.0
1033,2015-09-13,1103,1103,2,-81.0,893.0
1035,2015-09-14,1104,1104,2,-79.0,893.0
1036,2015-09-15,1105,1105,2,-78.0,892.0
1037,2015-09-16,1106,1106,2,-82.0,893.0
1040,2015-09-17,1107,1107,2,-79.0,893.0
1038,2015-09-18,1108,1108,2,-78.0,895.0
1039,2015-09-19,1109,1109,2,-82.0,895.0
1041,2015-09-20,1110,1110,2,-81.0,895.0
1042,2015-09-21,1111,1111,2,-79.0,896.0
1043,2015-09-22,1112,1112,2,-80.0,895.0
1044,2015-09-23,1113,1113,2,-79.0,895.0
1045,2015-09-24,1114,1114,2,-79.0,896.0
1047,2015-09-25,1115,1115,2,-80.0,897.0
1046,2015-09-26,1116,1116,2,-79.0,898.0
1048,2015-09-27,1117,1117,2,-79.0,898.0
1049,2015-09-28,1118,1118,2,-80.0,898.0
1050,2015-09-29,1119,1119,2,-81.0,899.0
1051,2015-09-30,1120,1120,2,-80.0,900.0
1052,2015-10-01,1121,1121,2,-81.0,901.0
1053,2015-10-02,1122,1122,2,-79.0,901.0
1054,2015-10-03,1123,1123,2,-79.0,900.0
1055,2015-10-04,1124,1124,2,-80.0,900.0
1056,2015-10-06,1125,1125,2,-79.0,900.0
1057,2015-10-07,1126,1126,2,-79.0,901.0
1058,2015-10-08,1127,1127,2,-80.0,901.0
1059,2015-10-09,1128,1128,2,-79.0,902.0
1060,2015-10-10,1129,1129,2,-80.0,902.0
1061,2015-10-11,1130,1130,2,-81.0,902.0
1062,2015-10-12,1131,1131,2,-81.0,902.0
1063,2015-10-13,1132,1132,2,-82.0,902.0
1064,2015-10-14,1133,1133,2,-82.0,902.0
1065,2015-10-15,1134,1134,2,-80.0,902.0
1069,2015-10-16,1135,1135,2,-81.0,901.0
1066,2015-10-17,1136,1136,2,-82.0,901.0
1068,2015-10-18,1137,1137,2,-81.0,901.0
1067,2015-10-19,1138,1138,2,-82.0,901.0
1070,2015-10-20,1139,1139,2,-80.0,901.0
1071,2015-10-21,1140,1140,2,-81.0,901.0
1072,2015-10-22,1141,1141,2,-82.0,902.0
1073,2015-10-23,1142,1142,2,-82.0,902.0
1074,2015-10-24,1143,1143,2,-82.0,901.0
1075,2015-10-25,1144,1144,2,-82.0,902.0
1076,2015-10-26,1145,1145,2,-82.0,903.0
1077,2015-10-27,1146,1146,3,-82.0,902.0
1078,2015-10-28,1147,1147,3,-80.0,901.0
1080,2015-10-29,1148,1148,3,-80.0,901.0
1079,2015-10-30,1149,1149,3,-81.0,902.0
1081,2015-10-31,1150,1150,3,-82.0,902.0
1082,2015-11-01,1151,1151,3,-82.0,901.0
1086,2015-11-02,1152,1152,3,-80.0,901.0
1083,2015-11-03,1153,1153,3,-82.0,900.0
1088,2015-11-04,1154,1154,3,-84.0,900.0
1084,2015-11-05,1155,1155,3,-84.0,900.0
1085,2015-11-06,1156,1156,3,-84.0,900.0
1087,2015-11-07,1157,1157,3,-82.0,900.0
1089,2015-11-08,1158,1158,3,-82.0,898.0
1090,2015-11-09,1159,1159,3,-82.0,898.0
1091,2015-11-10,1160,1160,3,-80.0,899.0
1092,2015-11-12,1161,1161,3,-83.0,898.0
1093,2015-11-13,1162,1162,3,-84.0,897.0
1094,2015-11-14,1163,1163,3,-86.0,896.0
1095,2015-11-15,1164,1164,3,-86.0,896.0
1096,2015-11-16,1165,1165,3,-84.0,897.0
1097,2015-11-17,1166,1166,3,-84.0,895.0
1098,2015-11-18,1167,1167,3,-84.0,894.0
1102,2015-11-19,1168,1168,3,-84.0,894.0
1100,2015-11-20,1169,1169,3,-89.0,894.0
1101,2015-11-21,1170,1170,3,-85.0,893.0
1099,2015-11-22,1171,1171,3,-87.0,892.0
1104,2015-11-23,1172,1172,3,-87.0,892.0
1103,2015-11-24,1173,1173,3,-87.0,892.0
1105,2015-11-25,1174,1174,3,-85.0,891.0
1106,2015-11-26,1175,1175,3,-85.0,890.0
1107,2015-11-27,1176,1176,3,-84.0,890.0
1108,2015-11-28,1177,1177,3,-84.0,888.0
1109,2015-11-29,1178,1178,3,-86.0,888.0
1110,2015-11-30,1179,1179,3,-85.0,887.0
1111,2015-12-01,1180,1180,3,-86.0,886.0
1112,2015-12-02,1181,1181,3,-86.0,885.0
1114,2015-12-03,1182,1182,3,-85.0,884.0
1113,2015-12-04,1183,1183,3,-86.0,883.0
1115,2015-12-05,1184,1184,3,-85.0,882.0
1116,2015-12-06,1185,1185,3,-84.0,881.0
1117,2015-12-07,1186,1186,3,-86.0,881.0
1118,2015-12-08,1187,1187,3,-84.0,881.0
1119,2015-12-09,1188,1188,3,-90.0,881.0
1120,2015-12-10,1189,1189,3,-87.0,879.0
1121,2015-12-11,1190,1190,3,-87.0,877.0
1122,2015-12-12,1191,1191,3,-87.0,876.0
1123,2015-12-13,1192,1192,3,-86.0,876.0
1124,2015-12-14,1193,1193,3,-84.0,875.0
1125,2015-12-15,1194,1194,3,-84.0,873.0
1126,2015-12-16,1195,1195,3,-86.0,872.0
1129,2015-12-17,1196,1196,3,-86.0,871.0
1127,2015-12-18,1197,1197,3,-85.0,869.0
1128,2015-12-20,1198,1198,3,-86.0,868.0
1130,2015-12-21,1199,1199,3,-86.0,868.0
1131,2015-12-22,1200,1200,3,-84.0,866.0
1132,2015-12-23,1201,1201,3,-85.0,866.0
1133,2015-12-24,1202,1202,3,-85.0,864.0
1136,2015-12-25,1203,1203,3,-85.0,863.0
1135,2015-12-26,1204,1204,3,-84.0,862.0
1134,2015-12-27,1205,1205,3,-86.0,861.0
1137,2015-12-28,1206,1206,3,-85.0,859.0
1138,2015-12-29,1207,1207,3,-85.0,858.0
1139,2015-12-30,1208,1208,3,-85.0,857.0
1141,2015-12-31,1209,1209,3,-85.0,855.0
1140,2016-01-01,1210,1210,3,-85.0,854.0
1142,2016-01-02,1211,1211,3,-83.0,853.0
1143,2016-01-03,1212,1212,3,-86.0,851.0
1145,2016-01-04,1213,1213,4,-84.0,851.0
1144,2016-01-05,1214,1214,4,-85.0,849.0
1146,2016-01-06,1215,1215,4,-85.0,848.0
1147,2016-01-07,1216,1216,4,-86.0,847.0
1148,2016-01-08,1217,1217,4,-88.0,846.0
1149,2016-01-09,1218,1218,4,-86.0,845.0
1150,2016-01-10,1219,1219,4,-87.0,844.0
1151,2016-01-11,1220,1220,4,-87.0,842.0
1152,2016-01-12,1221,1221,4,-87.0,841.0
1153,2016-01-13,1222,1222,4,-87.0,840.0
1155,2016-01-14,1223,1223,4,-88.0,839.0
1154,2016-01-15,1224,1224,4,-88.0,837.0
1156,2016-01-16,1225,1225,4,-87.0,836.0
1157,2016-01-17,1226,1226,4,-87.0,835.0
1158,2016-01-18,1227,1227,4,-88.0,833.0
1159,2016-01-19,1228,1228,4,-88.0,832.0
1160,2016-01-20,1229,1229,4,-88.0,831.0
1161,2016-01-21,1230,1230,4,-88.0,830.0
1162,2016-01-22,1231,1231,4,-88.0,828.0
1163,2016-01-23,1232,1232,4,-88.0,827.0
1164,2016-01-24,1233,1233,4,-88.0,826.0
1166,2016-01-26,1234,1234,4,-88.0,824.0
1165,2016-01-27,1235,1235,4,-88.0,824.0
1170,2016-01-28,1236,1236,4,-87.0,822.0
1169,2016-01-29,1237,1237,4,-88.0,820.0
1167,2016-01-30,1238,1238,4,-87.0,819.0
1168,2016-01-31,1239,1239,4,-89.0,818.0
1171,2016-02-01,1240,1240,4,-87.0,816.0
1172,2016-02-02,1241,1241,4,-87.0,816.0
1173,2016-02-03,1242,1242,4,-87.0,815.0
1174,2016-02-04,1243,1243,4,-86.0,814.0
1175,2016-02-05,1244,1244,4,-85.0,812.0
1176,2016-02-06,1245,1245,4,-86.0,811.0
1178,2016-02-07,1246,1246,4,-85.0,810.0
1177,2016-02-08,1247,1247,4,-85.0,809.0
1179,2016-02-09,1248,1248,4,-86.0,807.0
1180,2016-02-10,1249,1249,4,-85.0,806.0
1182,2016-02-11,1250,1250,4,-85.0,804.0
1185,2016-02-12,1251,1251,4,-85.0,803.0
1184,2016-02-13,1252,1252,4,-85.0,802.0
1181,2016-02-14,1253,1253,4,-85.0,800.0
1183,2016-02-15,1254,1254,4,-84.0,799.0
1187,2016-02-16,1255,1255,4,-84.0,798.0
1186,2016-02-17,1256,1256,4,-84.0,797.0
1188,2016-02-18,1257,1257,4,-84.0,794.0
1189,2016-02-19,1258,1258,4,-83.0,794.0
1190,2016-02-20,1259,1259,4,-84.0,794.0
1191,2016-02-21,1260,1260,4,-83.0,792.0
1192,2016-02-22,1261,1261,4,-81.0,790.0
1193,2016-02-23,1262,1262,4,-81.0,790.0
1194,2016-02-24,1263,1263,4,-84.0,788.0
1195,2016-02-25,1264,1264,4,-84.0,787.0
1197,2016-02-26,1265,1265,4,-81.0,787.0
1196,2016-02-27,1266,1266,4,-82.0,787.0
1198,2016-02-28,1267,1267,4,-83.0,786.0
1199,2016-02-29,1268,1268,4,-83.0,784.0
1201,2016-03-01,1269,1269,4,-83.0,782.0
1200,2016-03-03,1270,1270,4,-82.0,782.0
1202,2016-03-04,1271,1271,4,-84.0,781.0
1203,2016-03-05,1272,1272,4,-81.0,780.0
1204,2016-03-06,1273,1273,4,-79.0,778.0
1205,2016-03-07,1274,1274,4,-82.0,777.0
1206,2016-03-08,1275,1275,4,-82.0,775.0
1207,2016-03-09,1276,1276,4,-83.0,774.0
1208,2016-03-10,1277,1277,5,-84.0,774.0
1210,2016-03-11,1278,1278,5,-83.0,773.0
1209,2016-03-12,1279,1279,5,-83.0,772.0
1211,2016-03-13,1280,1280,5,-84.0,771.0
1212,2016-03-14,1281,1281,5,-83.0,769.0
1213,2016-03-15,1282,1282,5,-81.0,768.0
1214,2016-03-16,1283,1283,5,-82.0,767.0
1216,2016-03-17,1284,1284,5,-80.0,767.0
1217,2016-03-18,1285,1285,5,-80.0,766.0
1215,2016-03-19,1286,1286,5,-80.0,765.0
1218,2016-03-20,1287,1287,5,-80.0,764.0
1219,2016-03-21,1288,1288,5,-80.0,763.0
1220,2016-03-24,1291,1291,5,-80.0,760.0
1222,2016-03-25,1292,1292,5,-81.0,760.0
1221,2016-03-26,1293,1293,5,-81.0,758.0
1223,2016-03-27,1294,1294,5,-79.0,758.0
1224,2016-03-28,1295,1295,5,-79.0,757.0
1226,2016-03-29,1296,1296,5,-79.0,756.0
1225,2016-03-30,1297,1297,5,-80.0,755.0
1229,2016-03-31,1298,1298,5,-79.0,755.0
1228,2016-04-01,1299,1299,5,-80.0,753.0
1227,2016-04-02,1300,1300,5,-79.0,752.0
1230,2016-04-03,1301,1301,5,-78.0,752.0
1231,2016-04-04,1302,1302,5,-80.0,751.0
1232,2016-04-05,1303,1303,5,-78.0,751.0
1233,2016-04-06,1304,1304,5,-80.0,750.0
1235,2016-04-07,1305,1305,5,-80.0,749.0
1234,2016-04-08,1306,1306,5,-79.0,748.0
1236,2016-04-10,1307,1307,5,-80.0,748.0
1237,2016-04-11,1308,1308,5,-81.0,748.0
1238,2016-04-12,1309,1309,5,-81.0,747.0
1239,2016-04-13,1310,1310,5,-76.0,745.0
1240,2016-04-14,1311,1311,5,-78.0,745.0
1243,2016-04-15,1312,1312,5,-77.0,745.0
1241,2016-04-16,1313,1313,5,-77.0,745.0
1242,2016-04-17,1314,1314,5,-78.0,744.0
1244,2016-04-18,1315,1315,5,-77.0,744.0
1245,2016-04-19,1316,1316,5,-80.0,744.0
1246,2016-04-20,1317,1317,5,-80.0,743.0
1247,2016-04-21,1318,1318,5,-80.0,743.0
1248,2016-04-22,1319,1319,5,-78.0,742.0
1250,2016-04-23,1320,1320,5,-77.0,741.0
1249,2016-04-24,1321,1321,5,-77.0,740.0
1251,2016-04-25,1322,1322,5,-78.0,740.0
1252,2016-04-26,1323,1323,5,-77.0,738.0
1253,2016-04-27,1324,1324,5,-78.0,738.0
1256,2016-04-28,1325,1325,5,-78.0,738.0
1254,2016-04-29,1326,1326,5,-77.0,738.0
1255,2016-04-30,1327,1327,5,-76.0,736.0
1257,2016-05-01,1328,1328,5,-77.0,735.0
1258,2016-05-02,1329,1329,5,-74.0,735.0
1259,2016-05-03,1330,1330,5,-78.0,734.0
1260,2016-05-04,1331,1331,5,-76.0,734.0
1262,2016-05-05,1332,1332,5,-78.0,734.0
1263,2016-05-06,1333,1333,5,-76.0,733.0
1261,2016-05-07,1334,1334,5,-77.0,732.0
1264,2016-05-08,1335,1335,5,-77.0,732.0
1265,2016-05-09,1336,1336,5,-75.0,732.0
1266,2016-05-10,1337,1337,6,-76.0,734.0
1267,2016-05-11,1338,1338,6,-75.0,734.0
1268,2016-05-12,1339,1339,6,-77.0,733.0
1269,2016-05-13,1340,1340,6,-76.0,734.0
1270,2016-05-14,1341,1341,6,-76.0,735.0
1271,2016-05-15,1342,1342,6,-80.0,735.0
1272,2016-05-17,1343,1343,6,-74.0,735.0
1273,2016-05-18,1344,1344,6,-75.0,734.0
1276,2016-05-19,1345,1345,6,-75.0,735.0
1274,2016-05-20,1346,1346,6,-75.0,737.0
1277,2016-05-21,1347,1347,6,-75.0,736.0
1275,2016-05-22,1348,1348,6,-76.0,735.0
1278,2016-05-23,1349,1349,6,-73.0,737.0
1279,2016-05-24,1350,1350,6,-73.0,738.0
1280,2016-05-25,1351,1351,6,-72.0,739.0
1283,2016-05-26,1352,1352,6,-73.0,736.0
1281,2016-05-27,1353,1353,6,-76.0,737.0
1282,2016-05-28,1354,1354,6,-75.0,739.0
1284,2016-05-29,1355,1355,6,-75.0,740.0
1286,2016-05-30,1356,1356,6,-74.0,739.0
1285,2016-05-31,1357,1357,6,-72.0,738.0
1287,2016-06-01,1358,1358,6,-74.0,738.0
1288,2016-06-02,1359,1359,6,-76.0,739.0
1289,2016-06-03,1360,1360,6,-76.0,739.0
1290,2016-06-04,1361,1361,6,-75.0,739.0
1291,2016-06-05,1362,1362,6,-74.0,739.0
1292,2016-06-06,1363,1363,6,-75.0,740.0
1293,2016-06-07,1364,1364,6,-74.0,740.0
1294,2016-06-08,1365,1365,6,-74.0,739.0
1295,2016-06-09,1366,1366,6,-75.0,740.0
1296,2016-06-10,1367,1367,6,-74.0,743.0
1297,2016-06-11,1368,1368,6,-74.0,743.0
1299,2016-06-12,1369,1369,6,-73.0,742.0
1298,2016-06-13,1370,1370,6,-74.0,744.0
1301,2016-06-14,1371,1371,6,-75.0,746.0
1300,2016-06-15,1372,1372,6,-74.0,745.0
1303,2016-06-16,1373,1373,6,-74.0,746.0
1302,2016-06-17,1374,1374,6,-75.0,748.0
1304,2016-06-18,1375,1375,6,-73.0,749.0
1305,2016-06-19,1376,1376,6,-75.0,749.0
1306,2016-06-20,1377,1377,6,-76.0,749.0
1308,2016-06-21,1378,1378,6,-76.0,751.0
1307,2016-06-23,1379,1379,6,-77.0,751.0
1311,2016-06-24,1380,1380,6,-74.0,751.0
1309,2016-06-25,1381,1381,6,-73.0,751.0
1310,2016-06-26,1382,1382,6,-76.0,752.0
1312,2016-06-27,1383,1383,6,-73.0,752.0
1313,2016-06-28,1384,1384,6,-74.0,753.0
1314,2016-06-29,1385,1385,6,-75.0,755.0
1315,2016-06-30,1386,1386,6,-74.0,755.0
1316,2016-07-01,1387,1387,6,-74.0,755.0
1317,2016-07-02,1388,1388,6,-73.0,756.0
1318,2016-07-12,1398,1398,7,-66.0,751.0
1319,2016-07-13,1399,1399,7,-73.0,770.0
1322,2016-07-14,1400,1400,7,-73.0,770.0
1321,2016-07-15,1401,1401,7,-73.0,770.0
1320,2016-07-16,1402,1402,7,-75.0,771.0
1323,2016-07-17,1403,1403,7,-75.0,771.0
1324,2016-07-18,1404,1404,7,-75.0,774.0
1325,2016-07-19,1405,1405,7,-75.0,775.0
1328,2016-07-20,1406,1406,7,-76.0,775.0
1329,2016-07-21,1407,1407,7,-74.0,779.0
1327,2016-07-22,1408,1408,7,-75.0,779.0
1326,2016-07-23,1409,1409,7,-74.0,781.0
1330,2016-07-24,1410,1410,7,-72.0,782.0
1331,2016-07-25,1411,1411,7,-72.0,782.0
1333,2016-07-26,1412,1412,7,-78.0,784.0
1332,2016-07-27,1413,1413,7,-72.0,784.0
1336,2016-07-28,1414,1414,7,-73.0,785.0
1334,2016-07-29,1415,1415,7,-72.0,787.0
1335,2016-07-31,1416,1416,7,-72.0,791.0
1337,2016-08-01,1417,1417,7,-70.0,791.0
1338,2016-08-02,1418,1418,7,-73.0,793.0
1339,2016-08-03,1419,1419,7,-73.0,793.0
1340,2016-08-04,1420,1420,7,-71.0,793.0
1343,2016-08-05,1421,1421,7,-72.0,797.0
1342,2016-08-06,1422,1422,7,-72.0,798.0
1341,2016-08-07,1423,1423,7,-71.0,800.0
1344,2016-08-08,1424,1424,7,-72.0,803.0
1345,2016-08-09,1425,1425,7,-72.0,804.0
1346,2016-08-10,1426,1426,7,-71.0,803.0
1347,2016-08-11,1427,1427,7,-72.0,807.0
1348,2016-08-12,1428,1428,7,-72.0,808.0
1349,2016-08-13,1429,1429,7,-70.0,810.0
1351,2016-08-14,1430,1430,7,-69.0,810.0
1350,2016-08-15,1431,1431,7,-69.0,811.0
1352,2016-08-16,1432,1432,7,-71.0,813.0
1353,2016-08-17,1433,1433,7,-70.0,818.0
1356,2016-08-18,1434,1434,7,-70.0,818.0
1355,2016-08-19,1435,1435,7,-71.0,823.0
1354,2016-08-20,1436,1436,7,-72.0,825.0
1357,2016-08-21,1437,1437,7,-71.0,821.0
1358,2016-08-22,1438,1438,7,-68.0,823.0
1360,2016-08-23,1439,1439,7,-71.0,828.0
1359,2016-08-24,1440,1440,7,-70.0,828.0
1361,2016-08-25,1441,1441,8,-74.0,828.0
1362,2016-08-26,1442,1442,8,-68.0,829.0
1363,2016-08-27,1443,1443,8,-69.0,831.0
1364,2016-08-28,1444,1444,8,-69.0,833.0
1365,2016-08-29,1445,1445,8,-69.0,836.0
1366,2016-08-30,1446,1446,8,-70.0,841.0
1367,2016-08-31,1447,1447,8,-74.0,841.0
1369,2016-09-01,1448,1448,8,-69.0,841.0
1368,2016-09-02,1449,1449,8,-71.0,841.0
1370,2016-09-03,1450,1450,8,-69.0,842.0
1371,2016-09-04,1451,1451,8,-71.0,842.0
1373,2016-09-06,1452,1452,8,-74.0,845.0
1372,2016-09-07,1453,1453,8,-73.0,850.0
1374,2016-09-08,1454,1454,8,-69.0,854.0
1377,2016-09-09,1455,1455,8,-70.0,858.0
1376,2016-09-10,1456,1456,8,-69.0,859.0
1375,2016-09-11,1457,1457,8,-69.0,860.0
1378,2016-09-12,1458,1458,8,-69.0,859.0
1379,2016-09-13,1459,1459,8,-71.0,861.0
1380,2016-09-14,1460,1460,8,-70.0,865.0
1382,2016-09-15,1461,1461,8,-69.0,870.0
1381,2016-09-16,1462,1462,8,-68.0,871.0
1383,2016-09-17,1463,1463,8,-68.0,871.0
1384,2016-09-18,1464,1464,8,-71.0,871.0
1385,2016-09-19,1465,1465,8,-68.0,870.0
1386,2016-09-20,1466,1466,8,-67.0,873.0
1387,2016-09-21,1467,1467,8,-69.0,877.0
1388,2016-09-22,1468,1468,8,-70.0,879.0
1389,2016-09-23,1469,1469,8,-72.0,881.0
1391,2016-09-24,1470,1470,8,-70.0,879.0
1392,2016-09-25,1471,1471,8,-71.0,880.0
1390,2016-09-26,1472,1472,8,-68.0,879.0
1393,2016-09-27,1473,1473,8,-67.0,881.0
1394,2016-09-28,1474,1474,8,-68.0,889.0
1396,2016-09-29,1475,1475,8,-72.0,890.0
1395,2016-09-30,1476,1476,8,-69.0,888.0
1397,2016-10-01,1477,1477,8,-72.0,888.0
1399,2016-10-02,1478,1478,8,-68.0,887.0
1398,2016-10-03,1479,1479,8,-66.0,890.0
1400,2016-10-04,1480,1480,8,-68.0,893.0
1401,2016-10-05,1481,1481,8,-70.0,893.0
1403,2016-10-06,1482,1482,8,-68.0,893.0
1402,2016-10-07,1483,1483,8,-68.0,892.0
1404,2016-10-08,1484,1484,8,-68.0,895.0
1405,2016-10-09,1485,1485,8,-71.0,899.0
1406,2016-10-10,1486,1486,8,-71.0,901.0
1407,2016-10-11,1487,1487,8,-68.0,901.0
1408,2016-10-12,1488,1488,9,-69.0,902.0
1410,2016-10-14,1489,1489,9,-68.0,903.0
1411,2016-10-15,1490,1490,9,-66.0,904.0
1409,2016-10-16,1491,1491,9,-69.0,906.0
1412,2016-10-17,1492,1492,9,-68.0,910.0
1413,2016-10-18,1493,1493,9,-70.0,905.0
1414,2016-10-19,1494,1494,9,-70.0,904.0
1416,2016-10-20,1495,1495,9,-71.0,903.0
1415,2016-10-21,1496,1496,9,-72.0,906.0
1417,2016-10-22,1497,1497,9,-68.0,909.0
1418,2016-10-23,1498,1498,9,-68.0,907.0
1419,2016-10-24,1499,1499,9,-69.0,903.0
1420,2016-10-25,1500,1500,9,-70.0,903.0
1421,2016-10-26,1501,1501,9,-69.0,903.0
1422,2016-10-27,1502,1502,9,-69.0,907.0
1424,2016-10-28,1503,1503,9,-70.0,909.0
1423,2016-10-29,1504,1504,9,-69.0,910.0
1425,2016-10-30,1505,1505,9,-69.0,906.0
1426,2016-10-31,1506,1506,9,-71.0,907.0
1427,2016-11-01,1507,1507,9,-70.0,907.0
1428,2016-11-02,1508,1508,9,-70.0,907.0
1430,2016-11-03,1509,1509,9,-70.0,910.0
1431,2016-11-04,1510,1510,9,-70.0,908.0
1429,2016-11-05,1511,1511,9,-77.0,908.0
1432,2016-11-06,1512,1512,9,-78.0,906.0
1433,2016-11-07,1513,1513,9,-74.0,907.0
1434,2016-11-08,1514,1514,9,-73.0,906.0
1435,2016-11-09,1515,1515,9,-76.0,906.0
1436,2016-11-10,1516,1516,9,-71.0,909.0
1437,2016-11-11,1517,1517,9,-76.0,911.0
1438,2016-11-12,1518,1518,9,-78.0,909.0
1440,2016-11-13,1519,1519,9,-72.0,906.0
1439,2016-11-14,1520,1520,9,-73.0,905.0
1441,2016-11-15,1521,1521,9,-71.0,905.0
1442,2016-11-16,1522,1522,9,-71.0,905.0
1443,2016-11-17,1523,1523,9,-77.0,905.0
1444,2016-11-18,1524,1524,9,-76.0,904.0
1445,2016-11-20,1525,1525,9,-74.0,902.0
1446,2016-11-21,1526,1526,9,-72.0,900.0
1449,2016-11-22,1527,1527,9,-71.0,900.0
1450,2016-11-23,1528,1528,9,-72.0,898.0
1451,2016-11-24,1529,1529,9,-73.0,900.0
1452,2016-11-25,1530,1530,9,-71.0,899.0
1447,2016-11-26,1531,1531,9,-76.0,900.0
1448,2016-11-27,1532,1532,9,-72.0,900.0
1453,2016-11-28,1533,1533,9,-72.0,896.0
1454,2016-11-29,1534,1534,10,-73.0,898.0
1455,2016-11-30,1535,1535,10,-73.0,900.0
1456,2016-12-01,1536,1536,10,-71.0,901.0
1458,2016-12-02,1537,1537,10,-74.0,900.0
1457,2016-12-03,1538,1538,10,-73.0,898.0
1459,2016-12-04,1539,1539,10,-74.0,896.0
1460,2016-12-05,1540,1540,10,-72.0,896.0
1461,2016-12-06,1541,1541,10,-76.0,895.0
1462,2016-12-07,1542,1542,10,-73.0,895.0
1464,2016-12-08,1543,1543,10,-74.0,896.0
1463,2016-12-09,1544,1544,10,-71.0,894.0
1465,2016-12-10,1545,1545,10,-73.0,891.0
1467,2016-12-11,1546,1546,10,-73.0,889.0
1466,2016-12-12,1547,1547,10,-75.0,887.0
1468,2016-12-13,1548,1548,10,-76.0,887.0
1469,2016-12-14,1549,1549,10,-76.0,887.0
1472,2016-12-15,1550,1550,10,-71.0,888.0
1471,2016-12-16,1551,1551,10,-71.0,886.0
1470,2016-12-17,1552,1552,10,-74.0,886.0
1474,2016-12-18,1553,1553,10,-77.0,884.0
1473,2016-12-19,1554,1554,10,-70.0,882.0
1477,2016-12-20,1555,1555,10,-71.0,883.0
1478,2016-12-21,1556,1556,10,-72.0,883.0
1475,2016-12-22,1557,1557,10,-70.0,883.0
1476,2016-12-23,1558,1558,10,-72.0,880.0
1484,2016-12-24,1559,1559,10,-76.0,879.0
1482,2016-12-25,1560,1560,10,-76.0,877.0
1485,2016-12-27,1561,1561,10,-77.0,877.0
1479,2016-12-28,1562,1562,10,-73.0,877.0
1483,2016-12-29,1563,1563,10,-75.0,879.0
1481,2016-12-30,1564,1564,10,-70.0,877.0
1480,2016-12-31,1565,1565,10,-72.0,874.0
1487,2017-01-01,1566,1566,10,-76.0,876.0
1486,2017-01-02,1567,1567,10,-70.0,872.0
1488,2017-01-03,1568,1568,10,-71.0,876.0
1492,2017-01-04,1569,1569,10,-70.0,873.0
1491,2017-01-05,1570,1570,10,-71.0,873.0
1490,2017-01-06,1571,1571,10,-70.0,873.0
1489,2017-01-07,1572,1572,10,-81.0,869.0
1493,2017-01-08,1573,1573,10,-74.0,872.0
1495,2017-01-09,1574,1574,10,-72.0,868.0
1494,2017-01-10,1575,1575,10,-73.0,871.0
1496,2017-01-11,1576,1576,10,-72.0,869.0
1498,2017-01-12,1577,1577,10,-72.0,866.0
1499,2017-01-13,1578,1578,10,-74.0,868.0
1500,2017-01-14,1579,1579,10,-73.0,862.0
1497,2017-01-15,1580,1580,10,-72.0,867.0
1501,2017-01-16,1581,1581,10,-72.0,862.0
1503,2017-01-17,1582,1582,11,-74.0,862.0
1502,2017-01-18,1583,1583,11,-75.0,862.0
1505,2017-01-19,1584,1584,11,-77.0,860.0
1506,2017-01-20,1585,1585,11,-76.0,864.0
1504,2017-01-21,1586,1586,11,-72.0,858.0
1508,2017-01-22,1587,1587,11,-73.0,860.0
1507,2017-01-23,1588,1588,11,-72.0,858.0
1510,2017-01-24,1589,1589,11,-72.0,857.0
1509,2017-01-25,1590,1590,11,-76.0,860.0
1512,2017-01-26,1591,1591,11,-73.0,852.0
1511,2017-01-27,1592,1592,11,-71.0,857.0
1513,2017-01-28,1593,1593,11,-72.0,852.0
1514,2017-01-29,1594,1594,11,-74.0,855.0
1515,2017-01-30,1595,1595,11,-71.0,855.0
1516,2017-01-31,1596,1596,11,-74.0,850.0
1517,2017-02-01,1597,1597,11,-73.0,855.0
1519,2017-02-03,1598,1598,11,-70.0,849.0
1518,2017-02-04,1599,1599,11,-72.0,853.0
1520,2017-02-05,1600,1600,11,-71.0,850.0
1522,2017-02-06,1601,1601,11,-71.0,853.0
1521,2017-02-07,1602,1602,11,-77.0,852.0
1523,2017-02-08,1603,1603,11,-76.0,847.0
1524,2017-02-09,1604,1604,11,-77.0,850.0
1526,2017-02-10,1605,1605,11,-73.0,846.0
1525,2017-02-11,1606,1606,11,-75.0,850.0
1528,2017-02-12,1607,1607,11,-77.0,846.0
1527,2017-02-13,1608,1608,11,-72.0,847.0
1529,2017-02-14,1609,1609,11,-71.0,847.0
1534,2017-02-18,1613,1613,11,-72.0,846.0
1533,2017-02-19,1614,1614,11,-73.0,837.0
1536,2017-02-20,1615,1615,11,-73.0,842.0
1535,2017-02-21,1616,1616,11,-73.0,848.0
1537,2017-02-22,1617,1617,11,-72.0,840.0
1540,2017-02-23,1618,1618,11,-71.0,845.0
1538,2017-02-24,1619,1619,11,-73.0,841.0
1539,2017-02-25,1620,1620,11,-70.0,844.0
1541,2017-02-26,1621,1621,11,-73.0,842.0
1542,2017-02-27,1622,1622,11,-71.0,841.0
1544,2017-02-28,1623,1623,11,-71.0,840.0
1543,2017-03-01,1624,1624,11,-72.0,837.0
1546,2017-03-02,1625,1625,11,-71.0,839.0
1545,2017-03-03,1626,1626,11,-71.0,839.0
1547,2017-03-04,1627,1627,11,-72.0,838.0
1549,2017-03-05,1628,1628,11,-71.0,839.0
1548,2017-03-06,1629,1629,11,-74.0,837.0
1551,2017-03-07,1630,1630,11,-77.0,838.0
1550,2017-03-08,1631,1631,11,-77.0,837.0
1552,2017-03-09,1632,1632,12,-72.0,836.0
1554,2017-03-10,1633,1633,12,-75.0,834.0
1553,2017-03-12,1634,1634,12,-72.0,834.0
1555,2017-03-13,1635,1635,12,-73.0,833.0
1556,2017-03-14,1636,1636,12,-72.0,834.0
1557,2017-03-15,1637,1637,12,-73.0,833.0
1559,2017-03-16,1638,1638,12,-73.0,833.0
1558,2017-03-17,1639,1639,12,-71.0,832.0
1561,2017-03-18,1640,1640,12,-72.0,832.0
1560,2017-03-19,1641,1641,12,-72.0,831.0
1564,2017-03-20,1642,1642,12,-72.0,829.0
1563,2017-03-21,1643,1643,12,-74.0,832.0
1562,2017-03-22,1644,1644,12,-74.0,832.0
1567,2017-03-23,1645,1645,12,-74.0,832.0
1565,2017-03-24,1646,1646,12,-74.0,831.0
1566,2017-03-25,1647,1647,12,-73.0,831.0
1568,2017-03-26,1648,1648,12,-73.0,830.0
1569,2017-03-27,1649,1649,12,-74.0,830.0
1570,2017-03-28,1650,1650,12,-75.0,833.0
1571,2017-03-29,1651,1651,12,-77.0,833.0
1572,2017-03-30,1652,1652,12,-76.0,834.0
1573,2017-03-31,1653,1653,12,-75.0,833.0
1575,2017-04-01,1654,1654,12,-75.0,829.0
1574,2017-04-02,1655,1655,12,-76.0,831.0
1576,2017-04-03,1656,1656,12,-75.0,832.0
1578,2017-04-04,1657,1657,12,-75.0,836.0
1577,2017-04-05,1658,1658,12,-77.0,835.0
1579,2017-04-06,1659,1659,12,-77.0,832.0
1581,2017-04-07,1660,1660,12,-74.0,832.0
1580,2017-04-08,1661,1661,12,-75.0,831.0
1583,2017-04-09,1662,1662,12,-75.0,831.0
1584,2017-04-10,1663,1663,12,-74.0,832.0
1586,2017-04-11,1664,1664,12,-74.0,832.0
1585,2017-04-12,1665,1665,12,-76.0,833.0
1582,2017-04-13,1666,1666,12,-76.0,834.0
1588,2017-04-14,1667,1667,12,-76.0,833.0
1587,2017-04-15,1668,1668,12,-77.0,831.0
1589,2017-04-16,1669,1669,12,-74.0,833.0
1590,2017-04-18,1670,1670,12,-76.0,834.0
1591,2017-04-19,1671,1671,12,-76.0,832.0
1592,2017-04-20,1672,1672,12,-74.0,833.0
1594,2017-04-21,1673,1673,12,-75.0,836.0
1593,2017-04-22,1674,1674,12,-75.0,835.0
1595,2017-04-23,1675,1675,12,-75.0,835.0
1596,2017-04-24,1676,1676,12,-76.0,837.0
1597,2017-04-25,1677,1677,12,-74.0,835.0
1598,2017-04-26,1678,1678,12,-74.0,836.0
1599,2017-04-27,1679,1679,12,-75.0,836.0
1601,2017-04-28,1680,1680,12,-74.0,835.0
1602,2017-04-29,1681,1681,12,-74.0,837.0
1603,2017-04-30,1682,1682,12,-76.0,839.0
1600,2017-05-01,1683,1683,12,-75.0,837.0
1604,2017-05-02,1684,1684,12,-75.0,837.0
1605,2017-05-03,1685,1685,12,-77.0,838.0
1607,2017-05-04,1686,1686,12,-75.0,838.0
1608,2017-05-05,1687,1687,12,-75.0,838.0
1606,2017-05-06,1688,1688,1,-76.0,840.0
1610,2017-05-07,1689,1689,1,-75.0,840.0
1609,2017-05-08,1690,1690,1,-76.0,840.0
1614,2017-05-10,1692,1692,1,-62.0,820.0
1612,2017-05-11,1693,1693,1,-76.0,840.0
1613,2017-05-12,1694,1694,1,-76.0,840.0
1611,2017-05-13,1695,1695,1,-77.0,840.0
1615,2017-05-14,1696,1696,1,-75.0,841.0
1616,2017-05-15,1697,1697,1,-77.0,841.0
1618,2017-05-16,1698,1698,1,-77.0,842.0
1617,2017-05-17,1699,1699,1,-76.0,843.0
1619,2017-05-18,1700,1700,1,-76.0,842.0
1620,2017-05-19,1701,1701,1,-76.0,841.0
1621,2017-05-20,1702,1702,1,-75.0,842.0
1622,2017-05-21,1703,1703,1,-76.0,843.0
1625,2017-05-22,1704,1704,1,-77.0,844.0
1623,2017-05-23,1705,1705,1,-76.0,845.0
1624,2017-05-24,1706,1706,1,-77.0,845.0
1627,2017-05-26,1707,1707,1,-77.0,846.0
1626,2017-05-27,1708,1708,1,-76.0,846.0
1628,2017-05-28,1709,1709,1,-76.0,847.0
1629,2017-05-29,1710,1710,1,-76.0,848.0
1631,2017-05-30,1711,1711,1,-75.0,848.0
1630,2017-05-31,1712,1712,1,-77.0,849.0
1635,2017-06-01,1713,1713,1,-75.0,850.0
1633,2017-06-02,1714,1714,1,-77.0,849.0
1634,2017-06-03,1715,1715,1,-77.0,851.0
1632,2017-06-04,1716,1716,1,-76.0,850.0
1636,2017-06-05,1717,1717,1,-76.0,851.0
1637,2017-06-06,1718,1718,1,-77.0,852.0
1639,2017-06-07,1719,1719,1,-77.0,853.0
1638,2017-06-08,1720,1720,1,-76.0,853.0
1641,2017-06-09,1721,1721,1,-76.0,852.0
1640,2017-06-10,1722,1722,1,-77.0,854.0
1642,2017-06-11,1723,1723,1,-76.0,854.0
1643,2017-06-12,1724,1724,1,-77.0,856.0
1644,2017-06-13,1725,1725,1,-79.0,857.0
1645,2017-06-14,1726,1726,1,-76.0,855.0
1647,2017-06-15,1727,1727,1,-75.0,855.0
1648,2017-06-16,1728,1728,1,-76.0,855.0
1646,2017-06-17,1729,1729,1,-76.0,858.0
1650,2017-06-18,1730,1730,1,-77.0,858.0
1649,2017-06-19,1731,1731,1,-78.0,857.0
1651,2017-06-20,1732,1732,1,-78.0,858.0
1652,2017-06-21,1733,1733,1,-77.0,859.0
1655,2017-06-22,1734,1734,1,-78.0,859.0
1653,2017-06-23,1735,1735,1,-78.0,861.0
1654,2017-06-24,1736,1736,1,-77.0,860.0
1656,2017-06-25,1737,1737,1,-78.0,861.0
1657,2017-06-26,1738,1738,1,-78.0,861.0
1658,2017-06-27,1739,1739,1,-77.0,861.0
1662,2017-06-28,1740,1740,1,-78.0,861.0
1659,2017-06-29,1741,1741,1,-78.0,863.0
1661,2017-06-30,1742,1742,1,-77.0,865.0
1660,2017-07-02,1743,1743,1,-78.0,863.0
1663,2017-07-03,1744,1744,1,-78.0,863.0
1664,2017-07-04,1745,1745,1,-78.0,865.0
1665,2017-07-05,1746,1746,1,-76.0,866.0
1666,2017-07-06,1747,1747,1,-79.0,866.0
1668,2017-07-07,1748,1748,1,-79.0,867.0
1667,2017-07-08,1749,1749,2,-76.0,867.0
1669,2017-07-09,1750,1750,2,-77.0,867.0
1670,2017-07-10,1751,1751,2,-78.0,867.0
1671,2017-07-11,1752,1752,2,-80.0,867.0
1672,2017-07-12,1753,1753,2,-76.0,868.0
1673,2017-07-13,1754,1754,2,-78.0,870.0
1674,2017-07-14,1755,1755,2,-77.0,870.0
1675,2017-07-15,1756,1756,2,-78.0,871.0
1676,2017-07-16,1757,1757,2,-78.0,871.0
1677,2017-07-17,1758,1758,2,-78.0,871.0
1678,2017-07-18,1759,1759,2,-77.0,871.0
1679,2017-07-19,1760,1760,2,-78.0,872.0
1684,2017-07-20,1761,1761,2,-77.0,872.0
1687,2017-07-21,1762,1762,2,-77.0,872.0
1680,2017-07-22,1763,1763,2,-78.0,873.0
1682,2017-07-23,1764,1764,2,-79.0,872.0
1690,2017-07-24,1765,1765,2,-77.0,873.0
1688,2017-07-25,1766,1766,2,-79.0,873.0
1691,2017-07-26,1767,1767,2,-77.0,874.0
1683,2017-07-27,1768,1768,2,-78.0,875.0
1689,2017-07-28,1769,1769,2,-76.0,875.0
1686,2017-07-29,1770,1770,2,-79.0,875.0
1692,2017-07-30,1771,1771,2,-79.0,876.0
1681,2017-07-31,1772,1772,2,-78.0,876.0
1685,2017-08-01,1773,1773,2,-78.0,876.0
1693,2017-08-02,1774,1774,2,-79.0,877.0
1694,2017-08-03,1775,1775,2,-80.0,877.0
1696,2017-08-04,1776,1776,2,-79.0,877.0
1695,2017-08-05,1777,1777,2,-79.0,877.0
1697,2017-08-06,1778,1778,2,-81.0,877.0
1698,2017-08-07,1779,1779,2,-78.0,878.0
1699,2017-08-09,1780,1780,2,-77.0,879.0
1700,2017-08-10,1781,1781,2,-78.0,879.0
1701,2017-08-11,1782,1782,2,-78.0,878.0
1703,2017-08-12,1783,1783,2,-79.0,879.0
1702,2017-08-13,1784,1784,2,-80.0,883.0
1704,2017-08-14,1785,1785,2,-77.0,881.0
1705,2017-08-16,1787,1787,2,-79.0,881.0
1706,2017-08-17,1788,1788,2,-79.0,881.0
1708,2017-08-18,1789,1789,2,-79.0,881.0
1707,2017-08-19,1790,1790,2,-81.0,882.0
1709,2017-08-20,1791,1791,2,-79.0,882.0
1710,2017-08-21,1792,1792,2,-80.0,883.0
1711,2017-08-22,1793,1793,2,-80.0,883.0
1712,2017-08-23,1794,1794,2,-80.0,883.0
1714,2017-08-24,1795,1795,2,-81.0,882.0
1715,2017-08-25,1796,1796,2,-80.0,883.0
1713,2017-08-26,1797,1797,2,-79.0,884.0
1716,2017-08-27,1798,1798,2,-79.0,883.0
1717,2017-08-28,1799,1799,2,-78.0,883.0
1718,2017-08-29,1800,1800,2,-80.0,883.0
1719,2017-08-30,1801,1801,2,-80.0,882.0
1722,2017-08-31,1802,1802,2,-79.0,882.0
1723,2017-09-01,1803,1803,2,-78.0,882.0
1720,2017-09-02,1804,1804,2,-78.0,883.0
1721,2017-09-03,1805,1805,2,-78.0,883.0
1724,2017-09-04,1806,1806,2,-80.0,884.0
1725,2017-09-05,1807,1807,2,-78.0,884.0
1726,2017-09-06,1808,1808,2,-79.0,884.0
1728,2017-09-07,1809,1809,2,-80.0,884.0
1729,2017-09-08,1810,1810,2,-78.0,883.0
1727,2017-09-09,1811,1811,2,-79.0,882.0
1730,2017-09-10,1812,1812,2,-79.0,882.0
1731,2017-09-11,1813,1813,2,-80.0,881.0
1732,2017-09-12,1814,1814,2,-80.0,881.0
1733,2017-09-13,1815,1815,3,-81.0,881.0
1734,2017-09-15,1816,1816,3,-82.0,882.0
1735,2017-09-16,1817,1817,3,-80.0,882.0
1736,2017-09-17,1818,1818,3,-81.0,881.0
1737,2017-09-18,1819,1819,3,-82.0,880.0
1738,2017-09-19,1820,1820,3,-79.0,881.0
1740,2017-09-20,1821,1821,3,-81.0,882.0
1739,2017-09-21,1822,1822,3,-78.0,881.0
1743,2017-09-22,1823,1823,3,-80.0,879.0
1742,2017-09-23,1824,1824,3,-80.0,879.0
1741,2017-09-24,1825,1825,3,-80.0,878.0
1744,2017-09-25,1826,1826,3,-80.0,878.0
1745,2017-09-26,1827,1827,3,-80.0,879.0
1746,2017-09-27,1828,1828,3,-80.0,878.0
1749,2017-09-28,1829,1829,3,-78.0,877.0
1748,2017-09-29,1830,1830,3,-80.0,877.0
1747,2017-09-30,1831,1831,3,-80.0,876.0
1750,2017-10-01,1832,1832,3,-84.0,875.0
1751,2017-10-02,1833,1833,3,-81.0,875.0
1752,2017-10-03,1834,1834,3,-80.0,875.0
1753,2017-10-04,1835,1835,3,-80.0,873.0
1755,2017-10-05,1836,1836,3,-81.0,873.0
1756,2017-10-06,1837,1837,3,-81.0,872.0
1754,2017-10-07,1838,1838,3,-79.0,872.0
1757,2017-10-08,1839,1839,3,-80.0,872.0
1758,2017-10-09,1840,1840,3,-77.0,871.0
1759,2017-10-10,1841,1841,3,-77.0,870.0
1761,2017-10-11,1842,1842,3,-79.0,869.0
1760,2017-10-12,1843,1843,3,-80.0,869.0
1762,2017-10-13,1844,1844,3,-81.0,869.0
1763,2017-10-14,1845,1845,3,-80.0,868.0
1765,2017-10-15,1846,1846,3,-80.0,868.0
1764,2017-10-16,1847,1847,3,-80.0,866.0
1766,2017-10-17,1848,1848,3,-80.0,865.0
1770,2017-10-18,1849,1849,3,-80.0,864.0
1768,2017-10-19,1850,1850,3,-80.0,864.0
1767,2017-10-20,1851,1851,3,-87.0,864.0
1769,2017-10-22,1852,1852,3,-80.0,863.0
1771,2017-10-23,1853,1853,3,-80.0,862.0
1772,2017-10-24,1854,1854,3,-80.0,861.0
1773,2017-10-25,1855,1855,3,-78.0,861.0
1774,2017-10-26,1856,1856,3,-80.0,859.0
1776,2017-10-27,1857,1857,3,-80.0,858.0
1775,2017-10-28,1858,1858,3,-81.0,857.0
1779,2017-10-29,1859,1859,3,-79.0,857.0
1778,2017-10-30,1860,1860,3,-80.0,857.0
1780,2017-10-31,1861,1861,3,-79.0,855.0
1777,2017-11-01,1862,1862,3,-81.0,854.0
1781,2017-11-02,1863,1863,3,-80.0,853.0
1782,2017-11-03,1864,1864,3,-82.0,852.0
1783,2017-11-04,1865,1865,3,-80.0,852.0
1785,2017-11-05,1866,1866,3,-80.0,850.0
1784,2017-11-06,1867,1867,3,-78.0,848.0
1786,2017-11-07,1868,1868,3,-80.0,848.0
1787,2017-11-08,1869,1869,3,-81.0,846.0
1788,2017-11-09,1870,1870,3,-81.0,845.0
1789,2017-11-10,1871,1871,3,-80.0,844.0
1791,2017-11-11,1872,1872,3,-79.0,843.0
1790,2017-11-12,1873,1873,3,-79.0,842.0
1792,2017-11-13,1874,1874,3,-80.0,840.0
1793,2017-11-14,1875,1875,3,-79.0,839.0
1794,2017-11-15,1876,1876,3,-79.0,838.0
1797,2017-11-16,1877,1877,3,-79.0,837.0
1795,2017-11-17,1878,1878,3,-79.0,835.0
1796,2017-11-18,1879,1879,3,-79.0,834.0
1798,2017-11-19,1880,1880,3,-79.0,833.0
1803,2017-11-20,1881,1881,4,-79.0,832.0
1801,2017-11-21,1882,1882,4,-78.0,831.0
1800,2017-11-22,1883,1883,4,-78.0,830.0
1799,2017-11-23,1884,1884,4,-79.0,829.0
1804,2017-11-24,1885,1885,4,-79.0,827.0
1805,2017-11-25,1886,1886,4,-79.0,826.0
1802,2017-11-26,1887,1887,4,-79.0,824.0
1807,2017-11-27,1888,1888,4,-79.0,823.0
1806,2017-11-29,1889,1889,4,-80.0,822.0
1808,2017-11-30,1890,1890,4,-79.0,821.0
1810,2017-12-01,1891,1891,4,-80.0,819.0
1809,2017-12-02,1892,1892,4,-81.0,817.0
1812,2017-12-03,1893,1893,4,-79.0,816.0
1811,2017-12-04,1894,1894,4,-79.0,815.0
1814,2017-12-05,1895,1895,4,-78.0,814.0
1813,2017-12-06,1896,1896,4,-79.0,812.0
1817,2017-12-07,1897,1897,4,-80.0,811.0
1816,2017-12-08,1898,1898,4,-81.0,810.0
1815,2017-12-09,1899,1899,4,-81.0,808.0
1818,2017-12-10,1900,1900,4,-81.0,807.0
1819,2017-12-11,1901,1901,4,-81.0,806.0
1820,2017-12-12,1902,1902,4,-79.0,804.0
1821,2017-12-13,1903,1903,4,-78.0,803.0
1822,2017-12-14,1904,1904,4,-79.0,801.0
1823,2017-12-15,1905,1905,4,-80.0,800.0
1824,2017-12-16,1906,1906,4,-79.0,799.0
1825,2017-12-17,1907,1907,4,-79.0,798.0
1826,2017-12-18,1908,1908,4,-79.0,796.0
1827,2017-12-19,1909,1909,4,-80.0,795.0
1828,2017-12-20,1910,1910,4,-80.0,794.0
1833,2017-12-21,1911,1911,4,-79.0,792.0
1832,2017-12-22,1912,1912,4,-80.0,791.0
1830,2017-12-23,1913,1913,4,-79.0,791.0
1834,2017-12-24,1914,1914,4,-78.0,790.0
1835,2017-12-25,1915,1915,4,-78.0,788.0
1829,2017-12-26,1916,1916,4,-79.0,787.0
1831,2017-12-27,1917,1917,4,-80.0,786.0
1839,2017-12-28,1918,1918,4,-77.0,784.0
1836,2017-12-29,1919,1919,4,-77.0,783.0
1837,2017-12-30,1920,1920,4,-77.0,782.0
1838,2017-12-31,1921,1921,4,-78.0,781.0
1840,2018-01-01,1922,1922,4,-79.0,780.0
1842,2018-01-02,1923,1923,4,-77.0,778.0
1841,2018-01-03,1924,1924,4,-78.0,777.0
1844,2018-01-05,1925,1925,4,-79.0,777.0
1843,2018-01-06,1926,1926,4,-80.0,775.0
1845,2018-01-07,1927,1927,4,-79.0,774.0
1847,2018-01-08,1928,1928,4,-78.0,773.0
1846,2018-01-09,1929,1929,4,-79.0,771.0
1848,2018-01-10,1930,1930,4,-79.0,770.0
1849,2018-01-11,1931,1931,4,-79.0,770.0
1850,2018-01-12,1932,1932,4,-79.0,768.0
1852,2018-01-13,1933,1933,4,-78.0,767.0
1851,2018-01-14,1934,1934,4,-79.0,766.0
1853,2018-01-15,1935,1935,4,-80.0,765.0
1855,2018-01-16,1936,1936,4,-79.0,764.0
1854,2018-01-17,1937,1937,4,-80.0,763.0
1859,2018-01-18,1938,1938,4,-78.0,762.0
1857,2018-01-19,1939,1939,4,-78.0,760.0
1858,2018-01-20,1940,1940,4,-77.0,759.0
1856,2018-01-21,1941,1941,4,-77.0,758.0
1860,2018-01-22,1942,1942,4,-78.0,757.0
1863,2018-01-23,1943,1943,4,-78.0,756.0
1861,2018-01-24,1944,1944,4,-80.0,755.0
1862,2018-01-25,1945,1945,4,-78.0,754.0
1864,2018-01-26,1946,1946,5,-79.0,753.0
1865,2018-01-27,1947,1947,5,-78.0,751.0
1866,2018-01-28,1948,1948,5,-78.0,752.0
1867,2018-01-29,1949,1949,5,-78.0,751.0
1868,2018-01-30,1950,1950,5,-79.0,750.0
1869,2018-01-31,1951,1951,5,-77.0,749.0
1871,2018-02-01,1952,1952,5,-80.0,748.0
1870,2018-02-02,1953,1953,5,-78.0,747.0
1872,2018-02-03,1954,1954,5,-77.0,745.0
1873,2018-02-04,1955,1955,5,-77.0,745.0
1879,2018-02-05,1956,1956,5,-79.0,744.0
1875,2018-02-06,1957,1957,5,-77.0,742.0
1874,2018-02-07,1958,1958,5,-77.0,741.0
1878,2018-02-08,1959,1959,5,-78.0,740.0
1876,2018-02-09,1960,1960,5,-78.0,740.0
1877,2018-02-11,1961,1961,5,-77.0,740.0
1880,2018-02-12,1962,1962,5,-78.0,738.0
1881,2018-02-13,1963,1963,5,-77.0,737.0
1882,2018-02-14,1964,1964,5,-76.0,736.0
1883,2018-02-15,1965,1965,5,-76.0,735.0
1884,2018-02-16,1966,1966,5,-77.0,735.0
1885,2018-02-17,1967,1967,5,-76.0,734.0
1886,2018-02-18,1968,1968,5,-76.0,732.0
1887,2018-02-19,1969,1969,5,-76.0,732.0
1888,2018-02-20,1970,1970,5,-77.0,731.0
1890,2018-02-21,1971,1971,5,-78.0,731.0
1891,2018-02-22,1972,1972,5,-78.0,730.0
1889,2018-02-23,1973,1973,5,-78.0,730.0
1892,2018-02-24,1974,1974,5,-77.0,729.0
1894,2018-02-25,1975,1975,5,-76.0,729.0
1893,2018-02-26,1976,1976,5,-77.0,728.0
1895,2018-02-27,1977,1977,5,-77.0,727.0
